sample_group,product_key,platform,product_id,product_name,brand,category,base_skin_type,total_review_count,skin_review_count,skin_positive_count,skin_neutral_count,skin_negative_count,skin_positive_rate,skin_neutral_rate,skin_negative_rate,skin_confidence_label,caution_level,caution_message,top_skin_need_tags,top_skin_concern_tags,skin_concern_code_count,manual_check_note
aggregate_count_check_samples,musinsa::5837298,musinsa,5837298,[2pack] 메디힐 마데카소사이드 수분 선세럼 흔적 리페어 더블 기획세트,mediheal,beauty,복합성,314,146,136,7,3,0.9315,0.0479,0.0205,비교적 신뢰 가능,normal,선택 피부 타입 리뷰 기준으로 특별히 높은 부정 신호는 확인되지 않습니다.,"진정, 보습, 모공, 트러블, 유수분 조절",,0,원본재필터: n=146 pos=136 neu=7 neg=3 | 집계: n=146 pos=136 neu=7 neg=3 | 일치
aggregate_count_check_samples,oliveyoung::A000000230537,oliveyoung,A000000230537,[포켓몬 에디션]오브제 포어 제로 프레쉬 올인원 150ml 단품/기획 2종 택1(+꼬부기 키캡키링),오브제,skincare,중성,229,1,1,0,0,1.0,0.0,0.0,근거 부족,insufficient_evidence,선택 피부 타입 리뷰 수가 적어 참고용으로만 확인하세요.,,"보습, 각질",0,원본재필터: n=1 pos=1 neu=0 neg=0 | 집계: n=1 pos=1 neu=0 neg=0 | 일치
aggregate_count_check_samples,musinsa::2626804,musinsa,2626804,헤이지그린 바디스프레이 250ml,duftndoft,beauty,복합성,32,2,2,0,0,1.0,0.0,0.0,근거 부족,insufficient_evidence,선택 피부 타입 리뷰 수가 적어 참고용으로만 확인하세요.,"진정, 보습, 모공, 영양공급",,0,원본재필터: n=2 pos=2 neu=0 neg=0 | 집계: n=2 pos=2 neu=0 neg=0 | 일치
aggregate_count_check_samples,musinsa::5006445,musinsa,5006445,세라엠디 리페어 로션 400MLX 2개+[증정]쿨시트1매+세라엠디로션20ml,dermab,beauty,민감성,387,40,38,2,0,0.95,0.05,0.0,비교적 신뢰 가능,normal,선택 피부 타입 리뷰 기준으로 특별히 높은 부정 신호는 확인되지 않습니다.,"진정, 보습, 모공, 트러블, 유수분 조절",,0,원본재필터: n=40 pos=38 neu=2 neg=0 | 집계: n=40 pos=38 neu=2 neg=0 | 일치
aggregate_count_check_samples,oliveyoung::A000000245794,oliveyoung,A000000245794,[화잘먹/단독기획]폴라초이스 바하 리퀴드 엑스폴리언트 118ml 기획 (+바하 리퀴드 30ml),폴라초이스,skincare,복합성,204,11,8,2,1,0.7273,0.1818,0.0909,참고 가능,normal,선택 피부 타입 리뷰 기준으로 특별히 높은 부정 신호는 확인되지 않습니다.,,"미백, 주름, 트러블, 각질, 모공",2,원본재필터: n=11 pos=8 neu=2 neg=1 | 집계: n=11 pos=8 neu=2 neg=1 | 일치
aggregate_count_check_samples,oliveyoung::A000000253342,oliveyoung,A000000253342,블랑네이처 9배 어성초 버블 클렌징 밀크 150ml 단품/기획,블랑네이처,cleansing,중성,189,1,0,1,0,0.0,1.0,0.0,근거 부족,insufficient_evidence,선택 피부 타입 리뷰 수가 적어 참고용으로만 확인하세요.,,"미백, 주름",0,원본재필터: n=1 pos=0 neu=1 neg=0 | 집계: n=1 pos=0 neu=1 neg=0 | 일치
aggregate_count_check_samples,musinsa::5430924,musinsa,5430924,[2개부터 구매가능] 펜타 세라마이드 모이스처라이징 크림,musinsastandardbt,beauty,복합성,90,46,40,6,0,0.8696,0.1304,0.0,비교적 신뢰 가능,normal,선택 피부 타입 리뷰 기준으로 특별히 높은 부정 신호는 확인되지 않습니다.,"진정, 보습, 유수분 조절, 모공, 탄력",,0,원본재필터: n=46 pos=40 neu=6 neg=0 | 집계: n=46 pos=40 neu=6 neg=0 | 일치
aggregate_count_check_samples,musinsa::6156641,musinsa,6156641,어린 새싹 클린 토너 200ml,suiskin,beauty,지성,88,29,27,2,0,0.931,0.069,0.0,비교적 신뢰 가능,normal,선택 피부 타입 리뷰 기준으로 특별히 높은 부정 신호는 확인되지 않습니다.,"진정, 보습, 모공, 트러블, 유수분 조절",,0,원본재필터: n=29 pos=27 neu=2 neg=0 | 집계: n=29 pos=27 neu=2 neg=0 | 일치
aggregate_count_check_samples,musinsa::3441774,musinsa,3441774,[자몽 허브티 플로럴 향] 티블레스 살냄새 퍼퓸 바디 로션 480ml,teabless,beauty,건성,7,3,3,0,0,1.0,0.0,0.0,근거 부족,insufficient_evidence,선택 피부 타입 리뷰 수가 적어 참고용으로만 확인하세요.,"진정, 보습",,0,원본재필터: n=3 pos=3 neu=0 neg=0 | 집계: n=3 pos=3 neu=0 neg=0 | 일치
aggregate_count_check_samples,oliveyoung::A000000246223,oliveyoung,A000000246223,[7일특가/리뷰이벤트] 더마젼시 제로카 81 세럼 30ml,더마젼시,skincare,지성,90,14,13,1,0,0.9286,0.0714,0.0,참고 가능,normal,선택 피부 타입 리뷰 기준으로 특별히 높은 부정 신호는 확인되지 않습니다.,,"미백, 주름, 모공, 각질, 홍조",2,원본재필터: n=14 pos=13 neu=1 neg=0 | 집계: n=14 pos=13 neu=1 neg=0 | 일치
aggregate_count_check_samples,oliveyoung::A000000225083,oliveyoung,A000000225083,수이사이 뷰티 클리어 그린/핑크 파우더워시 4종 택1 (15개입/32개입),수이사이,cleansing,건성,141,13,13,0,0,1.0,0.0,0.0,참고 가능,normal,선택 피부 타입 리뷰 기준으로 특별히 높은 부정 신호는 확인되지 않습니다.,,"미백, 모공, 주름, 보습",5,원본재필터: n=13 pos=13 neu=0 neg=0 | 집계: n=13 pos=13 neu=0 neg=0 | 일치
aggregate_count_check_samples,musinsa::4068658,musinsa,4068658,밀착 커버 톤업 선 쿠션 클리어 베이지 12g,giverny,beauty,민감성,18,1,1,0,0,1.0,0.0,0.0,근거 부족,insufficient_evidence,선택 피부 타입 리뷰 수가 적어 참고용으로만 확인하세요.,"진정, 보습, 트러블, 유수분 조절",,0,원본재필터: n=1 pos=1 neu=0 neg=0 | 집계: n=1 pos=1 neu=0 neg=0 | 일치
aggregate_count_check_samples,musinsa::4243218,musinsa,4243218,울트라 라이트 인비저블 선세럼 50ml x 2개,cosrx,beauty,건성,142,28,27,0,1,0.9643,0.0,0.0357,비교적 신뢰 가능,normal,선택 피부 타입 리뷰 기준으로 특별히 높은 부정 신호는 확인되지 않습니다.,"진정, 보습, 모공, 유수분 조절, 탄력",,0,원본재필터: n=28 pos=27 neu=0 neg=1 | 집계: n=28 pos=27 neu=0 neg=1 | 일치
aggregate_count_check_samples,oliveyoung::A000000243435,oliveyoung,A000000243435,[연어PDRN/미백천재앰플] 메디큐브 PDRN 핑크 펩타이드 앰플 30ml 기획(앰플10ml+수분크림 10ml),메디큐브,skincare,복합성,39,2,1,1,0,0.5,0.5,0.0,근거 부족,insufficient_evidence,선택 피부 타입 리뷰 수가 적어 참고용으로만 확인하세요.,,"미백, 주름",1,원본재필터: n=2 pos=1 neu=1 neg=0 | 집계: n=2 pos=1 neu=1 neg=0 | 일치
aggregate_count_check_samples,musinsa::5098454,musinsa,5098454,시카 아크네 클리어 필링스크럽 200g,illiyoon,beauty,복합성,24,12,11,1,0,0.9167,0.0833,0.0,참고 가능,normal,선택 피부 타입 리뷰 기준으로 특별히 높은 부정 신호는 확인되지 않습니다.,"모공, 진정, 보습, 트러블, 영양공급",,0,원본재필터: n=12 pos=11 neu=1 neg=0 | 집계: n=12 pos=11 neu=1 neg=0 | 일치
aggregate_count_check_samples,musinsa::6250559,musinsa,6250559,밀크씨슬 리페어 시카 선스크린 플러스 SPF45PA3+,banobagi,beauty,건성,6,2,2,0,0,1.0,0.0,0.0,근거 부족,insufficient_evidence,선택 피부 타입 리뷰 수가 적어 참고용으로만 확인하세요.,"진정, 보습, 미백, 탄력",,0,원본재필터: n=2 pos=2 neu=0 neg=0 | 집계: n=2 pos=2 neu=0 neg=0 | 일치
aggregate_count_check_samples,oliveyoung::A000000228902,oliveyoung,A000000228902,[NEW/열감쿨링] 닥터지 레드 블레미쉬 순무 시카 아이싱 패드 60매 리필 기획 (+60매 리필),닥터지,maskpack,지성,236,33,25,6,2,0.7576,0.1818,0.0606,비교적 신뢰 가능,normal,선택 피부 타입 리뷰 기준으로 특별히 높은 부정 신호는 확인되지 않습니다.,,"미백, 주름, 보습, 각질, 모공",4,원본재필터: n=33 pos=25 neu=6 neg=2 | 집계: n=33 pos=25 neu=6 neg=2 | 일치
aggregate_count_check_samples,musinsa::1246381,musinsa,1246381,[+바디워시 증정] 퍼퓸 데오 바디스프레이 200ml 프레쉬향,dashu,beauty,민감성,5123,176,165,11,0,0.9375,0.0625,0.0,비교적 신뢰 가능,normal,선택 피부 타입 리뷰 기준으로 특별히 높은 부정 신호는 확인되지 않습니다.,"진정, 보습, 트러블, 모공, 유수분 조절",,0,원본재필터: n=176 pos=165 neu=11 neg=0 | 집계: n=176 pos=165 neu=11 neg=0 | 일치
aggregate_count_check_samples,musinsa::3802486,musinsa,3802486,[3PACK]베이비마일드 오가닉 립밤 4g,drbronners,beauty,민감성,61,6,6,0,0,1.0,0.0,0.0,참고 가능,normal,선택 피부 타입 리뷰 기준으로 특별히 높은 부정 신호는 확인되지 않습니다.,"진정, 보습, 모공, 미백, 트러블",,0,원본재필터: n=6 pos=6 neu=0 neg=0 | 집계: n=6 pos=6 neu=0 neg=0 | 일치
aggregate_count_check_samples,oliveyoung::A000000166709,oliveyoung,A000000166709,[단독기획] 스킨푸드 패드 레시피 11종 모음,스킨푸드,maskpack,복합성,130,5,3,0,2,0.6,0.0,0.4,참고 가능,high_negative_signal,선택 피부 타입 리뷰에서 부정 반응 비율이 상대적으로 높습니다. 구매 전 부정 리뷰를 먼저 확인하세요.,,"미백, 트러블, 주름, 보습, 모공",1,원본재필터: n=5 pos=3 neu=0 neg=2 | 집계: n=5 pos=3 neu=0 neg=2 | 일치
high_negative_signal_samples,oliveyoung::A000000252917,oliveyoung,A000000252917,[온라인단독] 라로슈포제 시카플라스트 밤 B5+& 멀티리페어 크림 B5 100ml 기획 (+시카에센스 7.5ml*2),라로슈포제,skincare,지성,227,37,22,2,13,0.5946,0.0541,0.3514,비교적 신뢰 가능,high_negative_signal,선택 피부 타입 리뷰에서 부정 반응 비율이 상대적으로 높습니다. 구매 전 부정 리뷰를 먼저 확인하세요.,,"보습, 미백, 주름, 각질, 홍조",10,neg_review_text 샘플: [백탁심한 무기자차 선크림바르는 느낌인데요. 겉은 번들한데 속은 또 건조합니다. 수부지타입이에요. 그래도 샘플쓸땐 괜찮길래 편평사마귀 빼고 샀는데...일주일쓰고 피부 뒤집어졌어요ㅜㅜ 민감성아니라서 왠만하면 괜찮은데 왕]
high_negative_signal_samples,oliveyoung::A000000206904,oliveyoung,A000000206904,라로슈포제 시카플라스트 밤 B5+ 100ml 기획 (+3ml 추가증정),라로슈포제,skincare,민감성,240,6,3,0,3,0.5,0.0,0.5,참고 가능,high_negative_signal,선택 피부 타입 리뷰에서 부정 반응 비율이 상대적으로 높습니다. 구매 전 부정 리뷰를 먼저 확인하세요.,,"보습, 홍조, 탄력, 각질, 미백",3,neg_review_text 샘플: [하 개비싼데 너무 빨리 써버리네..큰 얼굴을 탓해야하나 세일 자주해주세념ㅜㅜ 장벽 무너졌울때 이거만 바르면 3일안에 복구가능]
high_negative_signal_samples,oliveyoung::A000000204081,oliveyoung,A000000204081,[오선우pick/파데프리] 아누아 매트벗글로우 커버 베이지 50ml,아누아,suncare,지성,233,50,32,2,16,0.64,0.04,0.32,비교적 신뢰 가능,high_negative_signal,선택 피부 타입 리뷰에서 부정 반응 비율이 상대적으로 높습니다. 구매 전 부정 리뷰를 먼저 확인하세요.,,"주름, 미백, 보습, 모공, 트러블",12,neg_review_text 샘플: [너무너무 따가워요 바를때마다 맨날 간지럽고 따가워서 내피부가 민감한가 햇는데 몇주지나고 발라도 따갑고 간지러움 민감성피부 절대사지마 절대로!!!!!!]
high_negative_signal_samples,oliveyoung::A000000206904,oliveyoung,A000000206904,라로슈포제 시카플라스트 밤 B5+ 100ml 기획 (+3ml 추가증정),라로슈포제,skincare,건성,240,15,6,4,5,0.4,0.2667,0.3333,참고 가능,high_negative_signal,선택 피부 타입 리뷰에서 부정 반응 비율이 상대적으로 높습니다. 구매 전 부정 리뷰를 먼저 확인하세요.,,"미백, 보습, 주름, 트러블, 홍조",1,"neg_review_text 샘플: [지성+민감성인데 얼굴에 홍조랑 열감 때문에 샀어요. 도톰하게 올린 부분은 화농성 여드름 파티구요 얇게 올린 부분도 좁쌀+화농성 개많이 생겼어요 조심하세요........]"
high_negative_signal_samples,oliveyoung::A000000250764,oliveyoung,A000000250764,[역대급증정/자극제로/쌀뜨물클렌징밀크] 에스네이처 아쿠아 라이스 클렌징밀크 280ml 기획(+리필100ml+모공브러쉬),에스네이처,cleansing,민감성,258,19,14,0,5,0.7368,0.0,0.2632,참고 가능,high_negative_signal,선택 피부 타입 리뷰에서 부정 반응 비율이 상대적으로 높습니다. 구매 전 부정 리뷰를 먼저 확인하세요.,,"미백, 보습, 홍조, 주름, 트러블",2,neg_review_text 샘플: [피부 예민하신 분들을 비추천 드리고 세정력이 좀 아쉬워요 썬크림은 지워지는데 픽싱력 좋은 쿠션을 손등에 바르고 아이섀도우나 아이라인을 그려봤는데 아이라인은 손톱으로 개세게 문질러야 지워지고 섀도우는 무난히 지워지는데]
high_negative_signal_samples,oliveyoung::A000000237473,oliveyoung,A000000237473,[화잘먹/1분퀵필링] 일소 노 트러블럼 필링 스왑 4g 8매,일소,cleansing,건성,185,25,13,5,7,0.52,0.2,0.28,비교적 신뢰 가능,high_negative_signal,선택 피부 타입 리뷰에서 부정 반응 비율이 상대적으로 높습니다. 구매 전 부정 리뷰를 먼저 확인하세요.,,"미백, 보습, 주름, 탄력, 홍조",1,neg_review_text 샘플: [쓰고 나니까 자극이 조금 느껴져서 아쉬웠어요 트러블도 조금 더 나는 것 같았어요]
high_negative_signal_samples,oliveyoung::A000000206826,oliveyoung,A000000206826,[5월 올영픽] (50%용량증정) 에스트라 더마UV365 장벽수분 무기자차 선크림 40ml+20ml,에스트라,suncare,민감성,247,20,12,2,6,0.6,0.1,0.3,비교적 신뢰 가능,high_negative_signal,선택 피부 타입 리뷰에서 부정 반응 비율이 상대적으로 높습니다. 구매 전 부정 리뷰를 먼저 확인하세요.,,"보습, 미백, 홍조, 각질, 트러블",1,neg_review_text 샘플: [아.. 제가 가진 선크림 중 제일 축축한 제품이에요. 여러 더마 브랜드것도 있고 무기 유기 다 있고 그런데.. 무기를 이런 발림성으로 내는 기술은 정말 좋아요. 제가 가진 무기들은 이런 발림성까지는 안나오거든요. 근]
high_negative_signal_samples,oliveyoung::A000000237449,oliveyoung,A000000237449,[수지pick/뽀용뇽 공동개발] 아누아 피디알엔 히알루론산 수분 캡슐 미스트 100ml,아누아,skincare,민감성,228,10,4,0,6,0.4,0.0,0.6,참고 가능,high_negative_signal,선택 피부 타입 리뷰에서 부정 반응 비율이 상대적으로 높습니다. 구매 전 부정 리뷰를 먼저 확인하세요.,,"보습, 미백, 홍조, 주름, 트러블",0,neg_review_text 샘플: [솔직히 실망했어요 얼굴에 쓰고 피부염 나서 바디미스트로 썼는데 평생 나본적 없는 바디 트러블 났어요 ㅠㅠ 딱히 민감성도 아닌데 ㅠㅠㅠ 피부화장은 뜨고 밀리고 최악이네요]
high_negative_signal_samples,oliveyoung::A000000211172,oliveyoung,A000000211172,메이크프렘 세이프 미 아미노 리프레시 클렌징밤 100ml 기획 2종 택1,메이크프렘,cleansing,건성,277,18,11,2,5,0.6111,0.1111,0.2778,참고 가능,high_negative_signal,선택 피부 타입 리뷰에서 부정 반응 비율이 상대적으로 높습니다. 구매 전 부정 리뷰를 먼저 확인하세요.,,"보습, 미백, 각질, 주름, 모공",1,neg_review_text 샘플: [유튜브보고 구매했는데 클렌징할 때 너무 미끌거려서 완벽히 세안하기 너무 빡세네요]
high_negative_signal_samples,oliveyoung::A000000254058,oliveyoung,A000000254058,[포켓몬 에디션]VT 리들샷100 에센스 50ml기획 (리들샷300 1ml+PDRN에센스1.5ml+포켓몬아크릴포스트잇),VT,skincare,복합성,233,28,18,2,8,0.6429,0.0714,0.2857,비교적 신뢰 가능,high_negative_signal,선택 피부 타입 리뷰에서 부정 반응 비율이 상대적으로 높습니다. 구매 전 부정 리뷰를 먼저 확인하세요.,,"주름, 미백, 트러블, 모공, 홍조",5,neg_review_text 샘플: [너무따가워서 사용할 수가 없어요 민감해서 그런건지 제품이 원래그런건지 모르겠네요]
high_negative_signal_samples,oliveyoung::A000000171820,oliveyoung,A000000171820,[1등코팩/5관왕] 일소 네추럴 마일드 클리어 노우즈 팩 5매입,일소,maskpack,복합성,273,26,15,3,8,0.5769,0.1154,0.3077,비교적 신뢰 가능,high_negative_signal,선택 피부 타입 리뷰에서 부정 반응 비율이 상대적으로 높습니다. 구매 전 부정 리뷰를 먼저 확인하세요.,,"미백, 주름, 각질, 모공, 트러블",4,"neg_review_text 샘플: [제가 코에 피지가 없는건가봐요…? 화장할때 항상 코에 껴서 썼는데 효과 일도없음 진짜 아무것도 안나옴 왜들 그리 칭송하는지 모르것ㅇ요 내가 피지가 없는건 아닐탠데유….. 그리고 할인을 잘 안해서 아쉽고 학생]"
high_negative_signal_samples,oliveyoung::A000000225573,oliveyoung,A000000225573,"[파데프리/톤업] 조선미녀 데일리 틴티드 선세럼 50ml (+커버핏 퍼프 증정), (기획/단품)",조선미녀,suncare,건성,258,22,10,4,8,0.4545,0.1818,0.3636,비교적 신뢰 가능,high_negative_signal,선택 피부 타입 리뷰에서 부정 반응 비율이 상대적으로 높습니다. 구매 전 부정 리뷰를 먼저 확인하세요.,,"보습, 미백, 각질, 주름, 탄력",3,"neg_review_text 샘플: [내 피부는 좁쌀, 요철, 모공, 여드름, 흉터, 속드름 다 있는 피부임. 제형은 뭔가 워터블러틴트 중에 묽은 제형이랑 만졌을 때 비슷하게 느껴졌음. 기획으로 들어있던 퍼프로 발라봤을 때랑 손으로 발랐을 때랑 차이를 ]"
high_negative_signal_samples,oliveyoung::A000000231836,oliveyoung,A000000231836,[수지pick/올영단독] 아누아 데일리케어 마스크팩 5매 기획 8종(+1매 추가 증정),아누아,maskpack,건성,301,19,10,4,5,0.5263,0.2105,0.2632,참고 가능,high_negative_signal,선택 피부 타입 리뷰에서 부정 반응 비율이 상대적으로 높습니다. 구매 전 부정 리뷰를 먼저 확인하세요.,,"보습, 주름, 미백, 각질, 모공",2,"neg_review_text 샘플: [친구가 이거 좋다고 해서 써봤는데 저한텐 안맞았어요ㅠㅠ 오히려 피부 더 뒤집어짐]"
high_negative_signal_samples,oliveyoung::A000000170402,oliveyoung,A000000170402,[올영단독] 원데이즈유 피지쏙쏙 노 모어 블랙헤드 100ml 기획 (+코팩 패드 10매 증정),원데이즈유,cleansing,복합성,234,17,11,1,5,0.6471,0.0588,0.2941,참고 가능,high_negative_signal,선택 피부 타입 리뷰에서 부정 반응 비율이 상대적으로 높습니다. 구매 전 부정 리뷰를 먼저 확인하세요.,,"미백, 보습, 각질, 트러블, 모공",1,"neg_review_text 샘플: [하……… 이걸 왜 샀지 최악의 제품 걍 모공에서 피지가 나올 생각을 안 해여 제발 이거 살 돈으로 다른 거 사셈]"
high_negative_signal_samples,oliveyoung::A000000184159,oliveyoung,A000000184159,[추가증정기획/뽀송 무기자차] 메이크프렘 유브이 디펜스 미 노세범 선크림 40ml+40ml 기획 (택 1),메이크프렘,suncare,건성,209,32,23,1,8,0.7188,0.0312,0.25,비교적 신뢰 가능,high_negative_signal,선택 피부 타입 리뷰에서 부정 반응 비율이 상대적으로 높습니다. 구매 전 부정 리뷰를 먼저 확인하세요.,,"미백, 모공, 보습, 주름, 트러블",14,neg_review_text 샘플: [실패.. 너무 건조해요 극지성이라면 마음에 들겠지만 수부지는 너무 건조해서 사용 중단.. 뽀송해서 그런지 지속력은 좋아요. 하지만 그만큼 세정할때도 오래 걸림 이차세안 필수]
high_negative_signal_samples,oliveyoung::A000000219554,oliveyoung,A000000219554,[산뜻진정] 구달 맑은 어성초 진정 무기자차 선크림 50ml 1+1 기획,구달,suncare,건성,266,18,7,5,6,0.3889,0.2778,0.3333,참고 가능,high_negative_signal,선택 피부 타입 리뷰에서 부정 반응 비율이 상대적으로 높습니다. 구매 전 부정 리뷰를 먼저 확인하세요.,,"보습, 미백, 탄력, 각질, 주름",1,"neg_review_text 샘플: [최최최악 저는 지성이라 무조건 여름에는 매트파운데이션씁니다(에스티로더, 웨메 워터벨벳 파데 섞거나 단독으로)  유튜버가 화잘먹 선크림이라길래 무기자차 별로 안좋아하는데 1+1에 올영세일이길래 사봤어요.  톤업기]"
high_negative_signal_samples,oliveyoung::A000000184643,oliveyoung,A000000184643,[모공쏙폼] 메디필 레드 락토 콜라겐 클리어 폼 2.0 대용량 300ml 기획 (+해면),메디필,cleansing,복합성,278,23,17,0,6,0.7391,0.0,0.2609,비교적 신뢰 가능,high_negative_signal,선택 피부 타입 리뷰에서 부정 반응 비율이 상대적으로 높습니다. 구매 전 부정 리뷰를 먼저 확인하세요.,,"주름, 미백, 모공, 트러블, 보습",1,neg_review_text 샘플: [이거 쓰고 얼굴에 뭐 엄청 올라왔어요.. 저처럼 민감성이시고 홍조피부이신 분들 완저 ㄴ 비추..ㅠㅜ]
high_negative_signal_samples,oliveyoung::A000000165797,oliveyoung,A000000165797,[대용량/올영단독] 넘버즈인 1번 말끔 순삭 클렌징 오일 400ml 대용량,넘버즈인,cleansing,건성,240,15,10,1,4,0.6667,0.0667,0.2667,참고 가능,high_negative_signal,선택 피부 타입 리뷰에서 부정 반응 비율이 상대적으로 높습니다. 구매 전 부정 리뷰를 먼저 확인하세요.,,"미백, 주름, 각질, 보습, 탄력",2,"neg_review_text 샘플: [저는 수부지 피부이며, 모공이 많은편입니다~ 타사제품보다 오일이 무거우면서도 블랙헤드나 모공 클렌징이 좀 약한 편입니다. 그래서 사용시 더 많은 양을 사용하거나 오랜 시간 클렌징이 필요합니다. 근데 그러다보면 자]"
high_negative_signal_samples,oliveyoung::A000000114166,oliveyoung,A000000114166,[각질/피지] 스트라이덱스 센시티브 패드 90매,스트라이덱스,maskpack,지성,254,46,26,7,13,0.5652,0.1522,0.2826,비교적 신뢰 가능,high_negative_signal,선택 피부 타입 리뷰에서 부정 반응 비율이 상대적으로 높습니다. 구매 전 부정 리뷰를 먼저 확인하세요.,,"미백, 주름, 보습, 각질, 트러블",15,neg_review_text 샘플: [눈에들어가면 겁나따가운데 에센스도 듬뿍들었고 각질제거엔 요만한게없는거같아요여기에맛들여서 순한제품 밍숭해서 ?못쓰겟어요ㅋㅋㅋㅋ]
high_negative_signal_samples,oliveyoung::A000000114166,oliveyoung,A000000114166,[각질/피지] 스트라이덱스 센시티브 패드 90매,스트라이덱스,maskpack,복합성,254,12,6,2,4,0.5,0.1667,0.3333,참고 가능,high_negative_signal,선택 피부 타입 리뷰에서 부정 반응 비율이 상대적으로 높습니다. 구매 전 부정 리뷰를 먼저 확인하세요.,,"주름, 보습, 미백, 모공, 각질",2,neg_review_text 샘플: [진짜 거의 별 5개 주는데 이거 쓰고 피부 다 뒤집어지고 장벽 다 무너져서 지금까지 고생중임]
high_negative_signal_samples,oliveyoung::A000000177758,oliveyoung,A000000177758,"[추가증정] 넘버즈인 토너패드 증정 기획 중 택 1(1번, 5번)",넘버즈인,maskpack,건성,273,27,14,3,10,0.5185,0.1111,0.3704,비교적 신뢰 가능,high_negative_signal,선택 피부 타입 리뷰에서 부정 반응 비율이 상대적으로 높습니다. 구매 전 부정 리뷰를 먼저 확인하세요.,,"보습, 미백, 주름, 트러블, 각질",4,neg_review_text 샘플: [쌉별로 중고로 팔기도 미안해서 갖다버림 한달사용후기이전껄보시면개뚱쭝하게써뒀습니다]
high_negative_signal_samples,oliveyoung::A000000160796,oliveyoung,A000000160796,[더블기획] 라운드랩 자작나무 수분 패드 더블 기획 (80매+80매),라운드랩,maskpack,건성,278,11,6,1,4,0.5455,0.0909,0.3636,참고 가능,high_negative_signal,선택 피부 타입 리뷰에서 부정 반응 비율이 상대적으로 높습니다. 구매 전 부정 리뷰를 먼저 확인하세요.,,"보습, 각질, 미백, 트러블",1,"neg_review_text 샘플: [리뷰들이 좋기도 하고 라운드랩 제품이라 믿고 샀어요! 나*리 제품 다음으로 써보는 패드제품이라 엄청 기대했어요☺️☺️ 그런데 열자마자 너무 실망했네요... 물류 오면서 흔들리니까 그럴 수 있다고 생각해도 정말 와]"
high_negative_signal_samples,oliveyoung::A000000209219,oliveyoung,A000000209219,"[포니PICK / 3.0 런칭] 아이레놀 쌩얼크림 3종 50ml (SPF 50+,PA++++)",아이레놀,suncare,건성,261,8,5,1,2,0.625,0.125,0.25,참고 가능,high_negative_signal,선택 피부 타입 리뷰에서 부정 반응 비율이 상대적으로 높습니다. 구매 전 부정 리뷰를 먼저 확인하세요.,,"탄력, 미백, 모공, 보습, 각질",2,neg_review_text 샘플: [음 제품은 자극이 없고 그래요. 그런데 이거 바르고나면 당장은 괜찮은데 시간이 좀 지나면 되게 얼굴톤이 어두워져요ㅠㅠ 그리고 너무 기름져요! ㅠㅠ 제가 약한지성인데 너무 불편해요 ㅠㅠ기초를 빡세게 하지도 않거든요(기]
high_negative_signal_samples,oliveyoung::A000000226627,oliveyoung,A000000226627,[포켓몬 에디션] 케어플러스 슬리핑 코팩 카밍 4매/10매 대용량/포켓몬 에디션 2종,케어플러스,maskpack,복합성,261,30,20,1,9,0.6667,0.0333,0.3,비교적 신뢰 가능,high_negative_signal,선택 피부 타입 리뷰에서 부정 반응 비율이 상대적으로 높습니다. 구매 전 부정 리뷰를 먼저 확인하세요.,,"주름, 미백, 트러블, 홍조, 모공",5,neg_review_text 샘플: [전혀 도움이 안 되었고 코팩이 커서 학생분들이 사용하기엔 안 맞아요. 제대로 안 붙여지고 자고 일어나서 뗐는데 하나도 안 불었고 새로 올라온 애들만 떼어나가고 깊게 박힌건 딱히 효과 없어요~ 큰 애들도 효과 없음!!]
high_negative_signal_samples,oliveyoung::A000000253334,oliveyoung,A000000253334,[포켓몬 에디션] 닥터지 그린마일드 업 선 플러스 40ml 트리플 기획,닥터지,suncare,건성,256,22,14,2,6,0.6364,0.0909,0.2727,비교적 신뢰 가능,high_negative_signal,선택 피부 타입 리뷰에서 부정 반응 비율이 상대적으로 높습니다. 구매 전 부정 리뷰를 먼저 확인하세요.,,"모공, 보습, 주름, 미백, 홍조",7,"neg_review_text 샘플: [냄새가 심해요,, 발랐을 때 예쁘게 표현돼서 냄새 꾹 참고 바르고 다녔는데.. 점점 갈수록 냄새가 더 심해져요….]"
high_negative_signal_samples,oliveyoung::A000000166709,oliveyoung,A000000166709,[단독기획] 스킨푸드 패드 레시피 11종 모음,스킨푸드,maskpack,복합성,130,5,3,0,2,0.6,0.0,0.4,참고 가능,high_negative_signal,선택 피부 타입 리뷰에서 부정 반응 비율이 상대적으로 높습니다. 구매 전 부정 리뷰를 먼저 확인하세요.,,"미백, 트러블, 주름, 보습, 모공",1,"neg_review_text 샘플: [친구가 산건데, 완전 별로고 향도 복숭아라 쓰기 부담스럽고 색이있어서 피부안좋을것같데여 그리구 화장전에쓰기 별루라네용]"
high_negative_signal_samples,oliveyoung::A000000254112,oliveyoung,A000000254112,[1+1/토이 스토리] 이니스프리 레티놀 시카 흔적 앰플 30ml 리필 기획 토이 스토리 5 에디션,이니스프리,skincare,건성,273,17,9,3,5,0.5294,0.1765,0.2941,참고 가능,high_negative_signal,선택 피부 타입 리뷰에서 부정 반응 비율이 상대적으로 높습니다. 구매 전 부정 리뷰를 먼저 확인하세요.,,"보습, 미백, 각질, 주름, 탄력",1,neg_review_text 샘플: [이거 쓰고 피부 빨개지고 벗겨짐… 한동안 피부 회복시키려고 애씀 나랑은 안 맞는 듯 완전 민감성이신 분들은 구매 X]
high_negative_signal_samples,oliveyoung::A000000207439,oliveyoung,A000000207439,[블랙헤드케어템]브링그린 티트리 시카 포어 코팩 5매입,브링그린,maskpack,복합성,278,27,12,4,11,0.4444,0.1481,0.4074,비교적 신뢰 가능,high_negative_signal,선택 피부 타입 리뷰에서 부정 반응 비율이 상대적으로 높습니다. 구매 전 부정 리뷰를 먼저 확인하세요.,,"미백, 각질, 보습, 주름, 트러블",4,neg_review_text 샘플: [피부 예민한 저에게 자극이 너무 강해요…^^ 팩 붙인 곳 전채가 네모낳게 붉게 부어서 학교 알바 다니면서 너무 고통스러웠어요 원인이 이게 아닌가 싶어서 다시 사용해 보고 세정도 꼼꼼하게 해 봤는데 또 붉게 부어오르더]
high_negative_signal_samples,musinsa::5648932,musinsa,5648932,[2pack] 마데카소사이드 수분 흔적 리페어 세럼 40ml+수분 흔적 리페어 크림 50ml (패드+선세럼 추가 증정),mediheal,beauty,민감성,26,6,4,0,2,0.6667,0.0,0.3333,참고 가능,high_negative_signal,선택 피부 타입 리뷰에서 부정 반응 비율이 상대적으로 높습니다. 구매 전 부정 리뷰를 먼저 확인하세요.,"트러블, 진정, 보습, 유수분 조절, 모공",,0,neg_review_text 샘플: [일단 여드름이 진짜 3일만에 많이 들어갔고요 붉은기흔적도 많이 옅어졌어요 이거 다쓰면 한번더 사서쓰려고요]
high_negative_signal_samples,oliveyoung::A000000207640,oliveyoung,A000000207640,[블랙헤드/모공세정] 닥터지 그린딥 포어 클렌징밤 100ml 더블/단품,닥터지,cleansing,민감성,281,12,7,0,5,0.5833,0.0,0.4167,참고 가능,high_negative_signal,선택 피부 타입 리뷰에서 부정 반응 비율이 상대적으로 높습니다. 구매 전 부정 리뷰를 먼저 확인하세요.,,"미백, 주름, 보습, 트러블, 홍조",0,neg_review_text 샘플: [굳이… 두세번 써보고 방치중이예요.. 재구매 안할 것 같고 비추..]
insufficient_evidence_samples,oliveyoung::A000000229695,oliveyoung,A000000229695,[장도연 PICK/초밀착 세럼팩] 메디힐 랩핑 세럼 마스크 10매 6종,메디힐,maskpack,중성,314,2,0,0,2,0.0,0.0,1.0,근거 부족,insufficient_evidence,선택 피부 타입 리뷰 수가 적어 참고용으로만 확인하세요.,,"모공, 보습, 미백, 주름",0,skin_review_count=2 (0~4이면 정상)
insufficient_evidence_samples,oliveyoung::A000000231589,oliveyoung,A000000231589,[5월 올영픽][대용량] 제로이드 수딩 크림 80ml 기획 (+50ml),제로이드,skincare,중성,285,3,2,1,0,0.6667,0.3333,0.0,근거 부족,insufficient_evidence,선택 피부 타입 리뷰 수가 적어 참고용으로만 확인하세요.,,"모공, 미백, 주름",2,skin_review_count=3 (0~4이면 정상)
insufficient_evidence_samples,musinsa::4858297,musinsa,4858297,[수분광/파데프리] 비건 화이트 톤업 크림 50ml,9wishes,beauty,지성,24,3,3,0,0,1.0,0.0,0.0,근거 부족,insufficient_evidence,선택 피부 타입 리뷰 수가 적어 참고용으로만 확인하세요.,"모공, 탄력, 트러블, 유수분 조절",,0,skin_review_count=3 (0~4이면 정상)
insufficient_evidence_samples,musinsa::5183901,musinsa,5183901,소나무 시카 딥 포어 클렌징 오일 200ml + 선크림 40ml,roundlab,beauty,복합성,3,3,3,0,0,1.0,0.0,0.0,근거 부족,insufficient_evidence,선택 피부 타입 리뷰 수가 적어 참고용으로만 확인하세요.,"진정, 보습, 모공, 탄력, 유수분 조절",,0,skin_review_count=3 (0~4이면 정상)
insufficient_evidence_samples,oliveyoung::A000000254466,oliveyoung,A000000254466,[NEW/단독선런칭] 바이오던스 리포좀 버블 부스터 95ml 2종 택 1 (콜라겐/캐비어 PDRN),바이오던스,maskpack,중성,188,2,2,0,0,1.0,0.0,0.0,근거 부족,insufficient_evidence,선택 피부 타입 리뷰 수가 적어 참고용으로만 확인하세요.,,"미백, 보습, 주름, 모공",0,skin_review_count=2 (0~4이면 정상)
insufficient_evidence_samples,musinsa::3317772,musinsa,3317772,데일리 마일드 선 플루이드 50ml SPF 50+ PA++++,village11factory,beauty,건성,15,2,1,1,0,0.5,0.5,0.0,근거 부족,insufficient_evidence,선택 피부 타입 리뷰 수가 적어 참고용으로만 확인하세요.,"진정, 보습, 탄력",,0,skin_review_count=2 (0~4이면 정상)
insufficient_evidence_samples,musinsa::4858297,musinsa,4858297,[수분광/파데프리] 비건 화이트 톤업 크림 50ml,9wishes,beauty,민감성,24,4,2,2,0,0.5,0.5,0.0,근거 부족,insufficient_evidence,선택 피부 타입 리뷰 수가 적어 참고용으로만 확인하세요.,"탄력, 진정, 보습, 모공, 트러블",,0,skin_review_count=4 (0~4이면 정상)
insufficient_evidence_samples,musinsa::3069109,musinsa,3069109,PDRN 스킨케어 SET 연어앰플2개+연어크림1개+연어토너1개+마스크팩 5매SET 1개+선리젠페어 1개,coopy,beauty,민감성,1,1,1,0,0,1.0,0.0,0.0,근거 부족,insufficient_evidence,선택 피부 타입 리뷰 수가 적어 참고용으로만 확인하세요.,"유수분 조절, 영양공급, 모공",,0,skin_review_count=1 (0~4이면 정상)
insufficient_evidence_samples,musinsa::5449549,musinsa,5449549,글로우 핏 파운데이션 (110호/115호) + 브러쉬 세트 30ml,beontime,beauty,복합성,3,3,3,0,0,1.0,0.0,0.0,근거 부족,insufficient_evidence,선택 피부 타입 리뷰 수가 적어 참고용으로만 확인하세요.,"진정, 보습, 유수분 조절, 모공, 트러블",,0,skin_review_count=3 (0~4이면 정상)
insufficient_evidence_samples,oliveyoung::A000000232494,oliveyoung,A000000232494,[단독기획] 아누아 어성초 센텔라 레드 스팟 크림 30g 2입,아누아,skincare,중성,228,1,1,0,0,1.0,0.0,0.0,근거 부족,insufficient_evidence,선택 피부 타입 리뷰 수가 적어 참고용으로만 확인하세요.,,,0,skin_review_count=1 (0~4이면 정상)
insufficient_evidence_samples,oliveyoung::A000000255680,oliveyoung,A000000255680,[6/1 하루특가]메디큐브 PDRN 핑크 콜라겐 젤리 미스트 100ml 더블기획(+한교동 미스트 공병 키링),메디큐브,skincare,복합성,106,3,3,0,0,1.0,0.0,0.0,근거 부족,insufficient_evidence,선택 피부 타입 리뷰 수가 적어 참고용으로만 확인하세요.,,"미백, 홍조, 주름, 트러블",1,skin_review_count=3 (0~4이면 정상)
insufficient_evidence_samples,oliveyoung::A000000145581,oliveyoung,A000000145581,[수분민감/미세먼지OUT] 라곰 셀럽 마이크로 폼 클렌저 120ml,라곰,cleansing,민감성,57,3,2,1,0,0.6667,0.3333,0.0,근거 부족,insufficient_evidence,선택 피부 타입 리뷰 수가 적어 참고용으로만 확인하세요.,,"미백, 모공, 트러블, 각질, 보습",0,skin_review_count=3 (0~4이면 정상)
insufficient_evidence_samples,oliveyoung::A000000158752,oliveyoung,A000000158752,[1등마스크] 토리든 시트 마스크 10매 4종(수분/진정/브라이트닝/모공),토리든,maskpack,중성,280,2,2,0,0,1.0,0.0,0.0,근거 부족,insufficient_evidence,선택 피부 타입 리뷰 수가 적어 참고용으로만 확인하세요.,,"미백, 주름",0,skin_review_count=2 (0~4이면 정상)
insufficient_evidence_samples,musinsa::4074501,musinsa,4074501,[2pack] 맑은 어성초 진정 무기자차 선크림 50ml [증정] 클렌징오일20ml,goodal,beauty,민감성,23,4,4,0,0,1.0,0.0,0.0,근거 부족,insufficient_evidence,선택 피부 타입 리뷰 수가 적어 참고용으로만 확인하세요.,"모공, 진정, 보습, 영양공급, 탄력",,0,skin_review_count=4 (0~4이면 정상)
insufficient_evidence_samples,oliveyoung::A000000219046,oliveyoung,A000000219046,[수분 진정] 에뛰드 순정 디렉터 수분 선크림 50ml 1+1기획(NEW),에뛰드,suncare,건성,143,4,4,0,0,1.0,0.0,0.0,근거 부족,insufficient_evidence,선택 피부 타입 리뷰 수가 적어 참고용으로만 확인하세요.,,"미백, 주름, 탄력",1,skin_review_count=4 (0~4이면 정상)
insufficient_evidence_samples,oliveyoung::A000000230821,oliveyoung,A000000230821,[수분민감/미세먼지OUT] 라곰 셀럽 마이크로 폼 클렌저 2종 택 1,라곰,cleansing,중성,293,2,2,0,0,1.0,0.0,0.0,근거 부족,insufficient_evidence,선택 피부 타입 리뷰 수가 적어 참고용으로만 확인하세요.,,"미백, 트러블",1,skin_review_count=2 (0~4이면 정상)
insufficient_evidence_samples,oliveyoung::A000000225475,oliveyoung,A000000225475,[대용량] 토리든 히알루론산 다이브인 마스크 20매,토리든,maskpack,복합성,141,2,2,0,0,1.0,0.0,0.0,근거 부족,insufficient_evidence,선택 피부 타입 리뷰 수가 적어 참고용으로만 확인하세요.,,"모공, 보습",1,skin_review_count=2 (0~4이면 정상)
insufficient_evidence_samples,oliveyoung::A000000226553,oliveyoung,A000000226553,[유수분밸런스]브링그린 티트리 시카 수딩 크림 플러스 100ml (2입/단품),브링그린,skincare,중성,267,4,4,0,0,1.0,0.0,0.0,근거 부족,insufficient_evidence,선택 피부 타입 리뷰 수가 적어 참고용으로만 확인하세요.,,"미백, 주름, 보습",0,skin_review_count=4 (0~4이면 정상)
insufficient_evidence_samples,oliveyoung::A000000202446,oliveyoung,A000000202446,"[6월올영픽]식물나라 뽀얀쌀 생기 톤업 수분 선 크림 100mL 단품 3종 (생기,보라,초록)",식물나라,suncare,건성,100,4,4,0,0,1.0,0.0,0.0,근거 부족,insufficient_evidence,선택 피부 타입 리뷰 수가 적어 참고용으로만 확인하세요.,,"미백, 주름, 각질, 보습, 탄력",0,skin_review_count=4 (0~4이면 정상)
insufficient_evidence_samples,musinsa::5673632,musinsa,5673632,그린 토마토 애시드 20 워시 오프 필링 세럼 50ml,fully,beauty,지성,7,4,4,0,0,1.0,0.0,0.0,근거 부족,insufficient_evidence,선택 피부 타입 리뷰 수가 적어 참고용으로만 확인하세요.,"유수분 조절, 모공, 트러블, 진정, 보습",,0,skin_review_count=4 (0~4이면 정상)
normal_samples,oliveyoung::A000000205435,oliveyoung,A000000205435,[빙하수쿨링패드/더블기획] 셀퓨전씨 포스트 알파 쿨링 패드 70매 더블기획(쿨링/시카쿨링),셀퓨전씨,maskpack,복합성,308,43,36,6,1,0.8372,0.1395,0.0233,비교적 신뢰 가능,normal,선택 피부 타입 리뷰 기준으로 특별히 높은 부정 신호는 확인되지 않습니다.,,"주름, 미백, 홍조, 트러블, 보습",7,neg_rate=0.023
normal_samples,musinsa::2637406,musinsa,2637406,어반쉐이드 쿨카밍 선스틱 SPF50+ PA++++ 20g,dewytree,beauty,복합성,1398,517,468,40,9,0.9052,0.0774,0.0174,비교적 신뢰 가능,normal,선택 피부 타입 리뷰 기준으로 특별히 높은 부정 신호는 확인되지 않습니다.,"진정, 보습, 모공, 유수분 조절, 트러블",,0,neg_rate=0.017
normal_samples,musinsa::3098201,musinsa,3098201,[사은품 증정] (대용량) 레티놀 시카 흔적 앰플 50mL + 10mL 2개,innisfree,beauty,복합성,2631,886,799,64,23,0.9018,0.0722,0.026,비교적 신뢰 가능,normal,선택 피부 타입 리뷰 기준으로 특별히 높은 부정 신호는 확인되지 않습니다.,"진정, 보습, 모공, 트러블, 유수분 조절",,0,neg_rate=0.026
normal_samples,musinsa::2570504,musinsa,2570504,DMT 페이셜 수분 크림 150ml+추가증정,physiogel,beauty,복합성,1216,495,455,31,9,0.9192,0.0626,0.0182,비교적 신뢰 가능,normal,선택 피부 타입 리뷰 기준으로 특별히 높은 부정 신호는 확인되지 않습니다.,"진정, 보습, 모공, 유수분 조절, 트러블",,0,neg_rate=0.018
normal_samples,oliveyoung::A000000190369,oliveyoung,A000000190369,[판매량 1억개 돌파/대용량] AHC 텐 레볼루션 리얼 아이크림 포 페이스 더블 기획,AHC,skincare,민감성,313,19,19,0,0,1.0,0.0,0.0,참고 가능,normal,선택 피부 타입 리뷰 기준으로 특별히 높은 부정 신호는 확인되지 않습니다.,,"보습, 트러블, 주름, 미백, 각질",4,neg_rate=0.000
normal_samples,oliveyoung::A000000185112,oliveyoung,A000000185112,브링그린 프레시 마스크 1매/10매 (히알루 수분/티트리 진정/글루타치온 톤업/알로에 수딩),브링그린,maskpack,건성,300,55,52,0,3,0.9455,0.0,0.0545,비교적 신뢰 가능,normal,선택 피부 타입 리뷰 기준으로 특별히 높은 부정 신호는 확인되지 않습니다.,,"미백, 트러블, 주름, 모공, 보습",3,neg_rate=0.055
normal_samples,musinsa::3505072,musinsa,3505072,[SET] 다이브인 저분자 히알루론산 토너 300ml  x  2개 (+다이브인 크림 20ml),torriden,beauty,지성,1461,273,261,11,1,0.956,0.0403,0.0037,비교적 신뢰 가능,normal,선택 피부 타입 리뷰 기준으로 특별히 높은 부정 신호는 확인되지 않습니다.,"진정, 보습, 트러블, 모공, 유수분 조절",,0,neg_rate=0.004
normal_samples,musinsa::4240698,musinsa,4240698,퍼퓸 버블 대용량 핸드워시 515ml 5종 선물세트,hetrasbeauty,beauty,복합성,173,98,91,3,4,0.9286,0.0306,0.0408,비교적 신뢰 가능,normal,선택 피부 타입 리뷰 기준으로 특별히 높은 부정 신호는 확인되지 않습니다.,"진정, 보습, 모공, 트러블, 유수분 조절",,0,neg_rate=0.041
normal_samples,musinsa::6213430,musinsa,6213430,언리시아 선셋 대즐 글로스 밤,unleashia,beauty,건성,20,7,7,0,0,1.0,0.0,0.0,참고 가능,normal,선택 피부 타입 리뷰 기준으로 특별히 높은 부정 신호는 확인되지 않습니다.,"진정, 보습, 유수분 조절, 영양공급, 탄력",,0,neg_rate=0.000
normal_samples,oliveyoung::A000000232724,oliveyoung,A000000232724,[NO.1 미스트세럼] 달바 퍼스트 스프레이 세럼 100ml 2개 기획,달바,skincare,지성,294,36,31,1,4,0.8611,0.0278,0.1111,비교적 신뢰 가능,normal,선택 피부 타입 리뷰 기준으로 특별히 높은 부정 신호는 확인되지 않습니다.,,"미백, 모공, 주름, 홍조, 보습",5,neg_rate=0.111
normal_samples,oliveyoung::A000000205004,oliveyoung,A000000205004,[피지케어/화잘먹팩] 토르홉 무스타 콩테 체인저블 퀵 마스크 60g/90g,토르홉,maskpack,건성,252,19,17,1,1,0.8947,0.0526,0.0526,참고 가능,normal,선택 피부 타입 리뷰 기준으로 특별히 높은 부정 신호는 확인되지 않습니다.,,"보습, 미백, 주름, 모공, 트러블",4,neg_rate=0.053
normal_samples,musinsa::1619465,musinsa,1619465,울트라리페어 로션 350ml 2 pack + 트러블 미스트 30ml 증정,illiyoon,beauty,복합성,156,28,26,2,0,0.9286,0.0714,0.0,비교적 신뢰 가능,normal,선택 피부 타입 리뷰 기준으로 특별히 높은 부정 신호는 확인되지 않습니다.,"진정, 보습, 모공, 유수분 조절, 트러블",,0,neg_rate=0.000
normal_samples,musinsa::3775064,musinsa,3775064,비건 핸드크림 3개 골라담기,kamill,beauty,복합성,788,331,314,15,2,0.9486,0.0453,0.006,비교적 신뢰 가능,normal,선택 피부 타입 리뷰 기준으로 특별히 높은 부정 신호는 확인되지 않습니다.,"진정, 보습, 모공, 유수분 조절, 트러블",,0,neg_rate=0.006
normal_samples,oliveyoung::A000000254406,oliveyoung,A000000254406,NEW[파데프리/톤업선/톤업선크림] 체이싱래빗 올어바웃 글로우 톤업 선 70ml,체이싱래빗,suncare,지성,127,31,31,0,0,1.0,0.0,0.0,비교적 신뢰 가능,normal,선택 피부 타입 리뷰 기준으로 특별히 높은 부정 신호는 확인되지 않습니다.,,"주름, 미백, 각질, 보습, 모공",7,neg_rate=0.000
normal_samples,musinsa::2172345,musinsa,2172345,아토베리어365 크림 80ml,aestura,beauty,복합성,5697,2410,2252,132,26,0.9344,0.0548,0.0108,비교적 신뢰 가능,normal,선택 피부 타입 리뷰 기준으로 특별히 높은 부정 신호는 확인되지 않습니다.,"진정, 보습, 모공, 유수분 조절, 트러블",,0,neg_rate=0.011
normal_samples,musinsa::2959816,musinsa,2959816,[SET] 다이브인 저분자 히알루론산 세럼 50ml+40ml (+시카컨트롤세럼 10ml),torriden,beauty,건성,11221,1642,1549,72,21,0.9434,0.0438,0.0128,비교적 신뢰 가능,normal,선택 피부 타입 리뷰 기준으로 특별히 높은 부정 신호는 확인되지 않습니다.,"진정, 보습, 모공, 탄력, 유수분 조절",,0,neg_rate=0.013
normal_samples,musinsa::4701719,musinsa,4701719,레이저 UV 썬스크린 50ml,cellfusionc,beauty,복합성,733,338,312,23,3,0.9231,0.068,0.0089,비교적 신뢰 가능,normal,선택 피부 타입 리뷰 기준으로 특별히 높은 부정 신호는 확인되지 않습니다.,"진정, 보습, 모공, 유수분 조절, 탄력",,0,neg_rate=0.009
normal_samples,musinsa::5848372,musinsa,5848372,리얼 히알루로닉 100 토너 500ml,wellage,beauty,복합성,118,63,60,3,0,0.9524,0.0476,0.0,비교적 신뢰 가능,normal,선택 피부 타입 리뷰 기준으로 특별히 높은 부정 신호는 확인되지 않습니다.,"진정, 보습, 모공, 유수분 조절, 트러블",,0,neg_rate=0.000
normal_samples,musinsa::4485242,musinsa,4485242,[보이넥스트도어 PICK] 니치퍼퓸 핸드크림 월넛크릭그린,bibiang,beauty,지성,457,85,82,3,0,0.9647,0.0353,0.0,비교적 신뢰 가능,normal,선택 피부 타입 리뷰 기준으로 특별히 높은 부정 신호는 확인되지 않습니다.,"진정, 보습, 트러블, 모공, 유수분 조절",,0,neg_rate=0.000
normal_samples,musinsa::4234036,musinsa,4234036,호텔 테라피 퍼퓸 대용량  바디로션 1013ml,hetrasbeauty,beauty,건성,964,244,231,12,1,0.9467,0.0492,0.0041,비교적 신뢰 가능,normal,선택 피부 타입 리뷰 기준으로 특별히 높은 부정 신호는 확인되지 않습니다.,"진정, 보습, 탄력, 영양공급, 모공",,0,neg_rate=0.004
base_skin_type_지성,musinsa::3505072,musinsa,3505072,[SET] 다이브인 저분자 히알루론산 토너 300ml  x  2개 (+다이브인 크림 20ml),torriden,beauty,지성,1461,273,261,11,1,0.956,0.0403,0.0037,비교적 신뢰 가능,normal,선택 피부 타입 리뷰 기준으로 특별히 높은 부정 신호는 확인되지 않습니다.,"진정, 보습, 트러블, 모공, 유수분 조절",,0,base_skin_type=지성 확인
base_skin_type_지성,oliveyoung::A000000232724,oliveyoung,A000000232724,[NO.1 미스트세럼] 달바 퍼스트 스프레이 세럼 100ml 2개 기획,달바,skincare,지성,294,36,31,1,4,0.8611,0.0278,0.1111,비교적 신뢰 가능,normal,선택 피부 타입 리뷰 기준으로 특별히 높은 부정 신호는 확인되지 않습니다.,,"미백, 모공, 주름, 홍조, 보습",5,base_skin_type=지성 확인
base_skin_type_지성,oliveyoung::A000000254406,oliveyoung,A000000254406,NEW[파데프리/톤업선/톤업선크림] 체이싱래빗 올어바웃 글로우 톤업 선 70ml,체이싱래빗,suncare,지성,127,31,31,0,0,1.0,0.0,0.0,비교적 신뢰 가능,normal,선택 피부 타입 리뷰 기준으로 특별히 높은 부정 신호는 확인되지 않습니다.,,"주름, 미백, 각질, 보습, 모공",7,base_skin_type=지성 확인
base_skin_type_지성,musinsa::4485242,musinsa,4485242,[보이넥스트도어 PICK] 니치퍼퓸 핸드크림 월넛크릭그린,bibiang,beauty,지성,457,85,82,3,0,0.9647,0.0353,0.0,비교적 신뢰 가능,normal,선택 피부 타입 리뷰 기준으로 특별히 높은 부정 신호는 확인되지 않습니다.,"진정, 보습, 트러블, 모공, 유수분 조절",,0,base_skin_type=지성 확인
base_skin_type_지성,oliveyoung::A000000252917,oliveyoung,A000000252917,[온라인단독] 라로슈포제 시카플라스트 밤 B5+& 멀티리페어 크림 B5 100ml 기획 (+시카에센스 7.5ml*2),라로슈포제,skincare,지성,227,37,22,2,13,0.5946,0.0541,0.3514,비교적 신뢰 가능,high_negative_signal,선택 피부 타입 리뷰에서 부정 반응 비율이 상대적으로 높습니다. 구매 전 부정 리뷰를 먼저 확인하세요.,,"보습, 미백, 주름, 각질, 홍조",10,base_skin_type=지성 확인
base_skin_type_지성,musinsa::6239507,musinsa,6239507,피브 하이퍼 하이드로 세럼 100ml,feev,beauty,지성,2656,863,812,49,2,0.9409,0.0568,0.0023,비교적 신뢰 가능,normal,선택 피부 타입 리뷰 기준으로 특별히 높은 부정 신호는 확인되지 않습니다.,"유수분 조절, 모공, 진정, 보습, 트러블",,0,base_skin_type=지성 확인
base_skin_type_지성,oliveyoung::A000000250102,oliveyoung,A000000250102,라로슈포제 에빠끌라 딥 클렌징 포밍 크림 125ml 2입 기획 (+50ml),라로슈포제,cleansing,지성,234,42,29,5,8,0.6905,0.119,0.1905,비교적 신뢰 가능,moderate_negative_signal,선택 피부 타입 리뷰에서 일부 부정 반응이 확인됩니다.,,"보습, 미백, 주름, 각질, 홍조",7,base_skin_type=지성 확인
base_skin_type_지성,musinsa::2172345,musinsa,2172345,아토베리어365 크림 80ml,aestura,beauty,지성,5697,846,805,35,6,0.9515,0.0414,0.0071,비교적 신뢰 가능,normal,선택 피부 타입 리뷰 기준으로 특별히 높은 부정 신호는 확인되지 않습니다.,"진정, 보습, 모공, 트러블, 유수분 조절",,0,base_skin_type=지성 확인
base_skin_type_지성,oliveyoung::A000000248826,oliveyoung,A000000248826,[5/15 하루특가/여배우광채크림] 메디큐브 PDRN 핑크 콜라겐 캡슐크림 55g 기획 (+4.5g*2ea),메디큐브,skincare,지성,266,42,36,6,0,0.8571,0.1429,0.0,비교적 신뢰 가능,normal,선택 피부 타입 리뷰 기준으로 특별히 높은 부정 신호는 확인되지 않습니다.,,"미백, 모공, 주름, 각질, 보습",7,base_skin_type=지성 확인
base_skin_type_지성,musinsa::2632600,musinsa,2632600,아쿠아 오아시스 토너 300ml,snature,beauty,지성,3075,576,545,28,3,0.9462,0.0486,0.0052,비교적 신뢰 가능,normal,선택 피부 타입 리뷰 기준으로 특별히 높은 부정 신호는 확인되지 않습니다.,"진정, 보습, 모공, 유수분 조절, 트러블",,0,base_skin_type=지성 확인
base_skin_type_지성,musinsa::6239322,musinsa,6239322,스킨 베리어 카밍 로션 이엑스 220ml,ongredients,beauty,지성,2189,272,240,27,5,0.8824,0.0993,0.0184,비교적 신뢰 가능,normal,선택 피부 타입 리뷰 기준으로 특별히 높은 부정 신호는 확인되지 않습니다.,"진정, 보습, 모공, 유수분 조절, 트러블",,0,base_skin_type=지성 확인
base_skin_type_지성,musinsa::3748858,musinsa,3748858,[무신사 단독] [2pack] 소나무 진정 시카 앰플 대용량 50ml (+동백 선세럼 7ml + 소나무 마스크 1매),roundlab,beauty,지성,1687,465,435,25,5,0.9355,0.0538,0.0108,비교적 신뢰 가능,normal,선택 피부 타입 리뷰 기준으로 특별히 높은 부정 신호는 확인되지 않습니다.,"진정, 보습, 트러블, 모공, 유수분 조절",,0,base_skin_type=지성 확인
base_skin_type_지성,musinsa::5006341,musinsa,5006341,에브리데이 선블록  SPF50+PA++++ 200ml,dermab,beauty,지성,240,68,61,4,3,0.8971,0.0588,0.0441,비교적 신뢰 가능,normal,선택 피부 타입 리뷰 기준으로 특별히 높은 부정 신호는 확인되지 않습니다.,"진정, 보습, 트러블, 모공, 유수분 조절",,0,base_skin_type=지성 확인
base_skin_type_지성,oliveyoung::A000000229630,oliveyoung,A000000229630,스킨푸드 블랙슈가 마스크 워시오프 120g 더블기획 (본품+본품),스킨푸드,maskpack,지성,210,43,35,6,2,0.814,0.1395,0.0465,비교적 신뢰 가능,normal,선택 피부 타입 리뷰 기준으로 특별히 높은 부정 신호는 확인되지 않습니다.,,"보습, 미백, 홍조, 주름, 트러블",3,base_skin_type=지성 확인
base_skin_type_지성,oliveyoung::A000000156007,oliveyoung,A000000156007,[아침세안] 마녀공장 약산성 퓨리파잉 소다폼 150ml X2 기획,마녀공장,cleansing,지성,267,40,30,4,6,0.75,0.1,0.15,비교적 신뢰 가능,moderate_negative_signal,선택 피부 타입 리뷰에서 일부 부정 반응이 확인됩니다.,,"미백, 주름, 보습, 각질, 모공",9,base_skin_type=지성 확인
base_skin_type_지성,oliveyoung::A000000237394,oliveyoung,A000000237394,[장도연 PICK/미니어처 증정] 메디힐 더마 크림 팩클렌저 120ml 단품/기획 2종 (+20ml 추가증정),메디힐,cleansing,지성,300,56,46,5,5,0.8214,0.0893,0.0893,비교적 신뢰 가능,normal,선택 피부 타입 리뷰 기준으로 특별히 높은 부정 신호는 확인되지 않습니다.,,"미백, 주름, 모공, 트러블, 보습",11,base_skin_type=지성 확인
base_skin_type_지성,oliveyoung::A000000202675,oliveyoung,A000000202675,[1등 클렌징밤] 바닐라코 클린잇제로 오리지널 클렌징밤 100ml,바닐라코,cleansing,지성,280,40,29,7,4,0.725,0.175,0.1,비교적 신뢰 가능,normal,선택 피부 타입 리뷰 기준으로 특별히 높은 부정 신호는 확인되지 않습니다.,,"미백, 보습, 주름, 각질, 모공",6,base_skin_type=지성 확인
base_skin_type_지성,oliveyoung::A000000205870,oliveyoung,A000000205870,[여드름/좁쌀] 스트라이덱스 맥스플러스패드 55매,스트라이덱스,maskpack,지성,222,40,29,5,6,0.725,0.125,0.15,비교적 신뢰 가능,moderate_negative_signal,선택 피부 타입 리뷰에서 일부 부정 반응이 확인됩니다.,,"보습, 미백, 주름, 각질, 모공",2,base_skin_type=지성 확인
base_skin_type_지성,oliveyoung::A000000249802,oliveyoung,A000000249802,[총110ml] 비플레인 녹두 쿨링 수분 선크림 50ml 1+1 기획 (+10ml),비플레인,suncare,지성,278,59,50,4,5,0.8475,0.0678,0.0847,비교적 신뢰 가능,normal,선택 피부 타입 리뷰 기준으로 특별히 높은 부정 신호는 확인되지 않습니다.,,"미백, 주름, 보습, 각질, 트러블",13,base_skin_type=지성 확인
base_skin_type_지성,oliveyoung::A000000246270,oliveyoung,A000000246270,[3초완성/화잘먹] 아로셀 슈퍼 콜라겐 버블 세럼 마스크 (90회분),아로셀,maskpack,지성,195,31,28,3,0,0.9032,0.0968,0.0,비교적 신뢰 가능,normal,선택 피부 타입 리뷰 기준으로 특별히 높은 부정 신호는 확인되지 않습니다.,,"미백, 주름, 각질, 모공, 트러블",9,base_skin_type=지성 확인
base_skin_type_건성,oliveyoung::A000000185112,oliveyoung,A000000185112,브링그린 프레시 마스크 1매/10매 (히알루 수분/티트리 진정/글루타치온 톤업/알로에 수딩),브링그린,maskpack,건성,300,55,52,0,3,0.9455,0.0,0.0545,비교적 신뢰 가능,normal,선택 피부 타입 리뷰 기준으로 특별히 높은 부정 신호는 확인되지 않습니다.,,"미백, 트러블, 주름, 모공, 보습",3,base_skin_type=건성 확인
base_skin_type_건성,musinsa::6213430,musinsa,6213430,언리시아 선셋 대즐 글로스 밤,unleashia,beauty,건성,20,7,7,0,0,1.0,0.0,0.0,참고 가능,normal,선택 피부 타입 리뷰 기준으로 특별히 높은 부정 신호는 확인되지 않습니다.,"진정, 보습, 유수분 조절, 영양공급, 탄력",,0,base_skin_type=건성 확인
base_skin_type_건성,oliveyoung::A000000205004,oliveyoung,A000000205004,[피지케어/화잘먹팩] 토르홉 무스타 콩테 체인저블 퀵 마스크 60g/90g,토르홉,maskpack,건성,252,19,17,1,1,0.8947,0.0526,0.0526,참고 가능,normal,선택 피부 타입 리뷰 기준으로 특별히 높은 부정 신호는 확인되지 않습니다.,,"보습, 미백, 주름, 모공, 트러블",4,base_skin_type=건성 확인
base_skin_type_건성,musinsa::2959816,musinsa,2959816,[SET] 다이브인 저분자 히알루론산 세럼 50ml+40ml (+시카컨트롤세럼 10ml),torriden,beauty,건성,11221,1642,1549,72,21,0.9434,0.0438,0.0128,비교적 신뢰 가능,normal,선택 피부 타입 리뷰 기준으로 특별히 높은 부정 신호는 확인되지 않습니다.,"진정, 보습, 모공, 탄력, 유수분 조절",,0,base_skin_type=건성 확인
base_skin_type_건성,musinsa::4234036,musinsa,4234036,호텔 테라피 퍼퓸 대용량  바디로션 1013ml,hetrasbeauty,beauty,건성,964,244,231,12,1,0.9467,0.0492,0.0041,비교적 신뢰 가능,normal,선택 피부 타입 리뷰 기준으로 특별히 높은 부정 신호는 확인되지 않습니다.,"진정, 보습, 탄력, 영양공급, 모공",,0,base_skin_type=건성 확인
base_skin_type_건성,oliveyoung::A000000207111,oliveyoung,A000000207111,토리든 다이브인 포맨 저분자 히알루론산 올인원 200g 단품/기획 (+올인원 20g),토리든,skincare,건성,281,22,18,2,2,0.8182,0.0909,0.0909,비교적 신뢰 가능,normal,선택 피부 타입 리뷰 기준으로 특별히 높은 부정 신호는 확인되지 않습니다.,,"보습, 미백, 각질, 탄력, 주름",1,base_skin_type=건성 확인
base_skin_type_건성,oliveyoung::A000000145580,oliveyoung,A000000145580,[수분민감/아침세안] 라곰 셀럽 젤 투 워터 클렌저 170ml,라곰,cleansing,건성,259,15,14,0,1,0.9333,0.0,0.0667,참고 가능,normal,선택 피부 타입 리뷰 기준으로 특별히 높은 부정 신호는 확인되지 않습니다.,,"미백, 각질, 보습, 주름, 탄력",1,base_skin_type=건성 확인
base_skin_type_건성,oliveyoung::A000000200805,oliveyoung,A000000200805,[NEW/화잘먹 3종] 마몽드 리퀴드 마스크 80ml_로즈/피어니(지성)/데이지(미백),마몽드,maskpack,건성,315,44,34,5,5,0.7727,0.1136,0.1136,비교적 신뢰 가능,normal,선택 피부 타입 리뷰 기준으로 특별히 높은 부정 신호는 확인되지 않습니다.,,"미백, 보습, 주름, 트러블, 모공",3,base_skin_type=건성 확인
base_skin_type_건성,musinsa::5677069,musinsa,5677069,TXA 헬시 글로우 비비 에센스,losykim,beauty,건성,83,24,22,0,2,0.9167,0.0,0.0833,비교적 신뢰 가능,normal,선택 피부 타입 리뷰 기준으로 특별히 높은 부정 신호는 확인되지 않습니다.,"진정, 보습, 탄력, 미백, 유수분 조절",,0,base_skin_type=건성 확인
base_skin_type_건성,musinsa::3748858,musinsa,3748858,[무신사 단독] [2pack] 소나무 진정 시카 앰플 대용량 50ml (+동백 선세럼 7ml + 소나무 마스크 1매),roundlab,beauty,건성,1687,185,169,11,5,0.9135,0.0595,0.027,비교적 신뢰 가능,normal,선택 피부 타입 리뷰 기준으로 특별히 높은 부정 신호는 확인되지 않습니다.,"진정, 보습, 트러블, 모공, 유수분 조절",,0,base_skin_type=건성 확인
base_skin_type_건성,musinsa::5066205,musinsa,5066205,데일리 UV 수분장벽 선세럼 SPF50+ PA++++ 50mL 2개,innisfree,beauty,건성,96,24,23,1,0,0.9583,0.0417,0.0,비교적 신뢰 가능,normal,선택 피부 타입 리뷰 기준으로 특별히 높은 부정 신호는 확인되지 않습니다.,"진정, 보습, 탄력, 트러블, 모공",,0,base_skin_type=건성 확인
base_skin_type_건성,oliveyoung::A000000223414,oliveyoung,A000000223414,[15년 연속 1위] 메디힐 에센셜 마스크팩 10매/10+1매 기획 7종 골라담기,메디힐,maskpack,건성,336,62,57,1,4,0.9194,0.0161,0.0645,비교적 신뢰 가능,normal,선택 피부 타입 리뷰 기준으로 특별히 높은 부정 신호는 확인되지 않습니다.,,"미백, 모공, 보습, 각질, 탄력",6,base_skin_type=건성 확인
base_skin_type_건성,musinsa::1516336,musinsa,1516336,비타민 B9 톤업 미백 크림 65ml,naturaldermaproject,beauty,건성,126,23,17,5,1,0.7391,0.2174,0.0435,비교적 신뢰 가능,normal,선택 피부 타입 리뷰 기준으로 특별히 높은 부정 신호는 확인되지 않습니다.,"진정, 보습, 미백, 탄력, 영양공급",,0,base_skin_type=건성 확인
base_skin_type_건성,oliveyoung::A000000208753,oliveyoung,A000000208753,[밀착진정] 듀이트리 AC 딥 진정 마스크 1매 (열감/흔적),듀이트리,maskpack,건성,282,47,37,6,4,0.7872,0.1277,0.0851,비교적 신뢰 가능,normal,선택 피부 타입 리뷰 기준으로 특별히 높은 부정 신호는 확인되지 않습니다.,,"미백, 보습, 주름, 각질, 트러블",2,base_skin_type=건성 확인
base_skin_type_건성,musinsa::3912658,musinsa,3912658,아토베리어365 크림미스트 120ML,aestura,beauty,건성,525,160,148,8,4,0.925,0.05,0.025,비교적 신뢰 가능,normal,선택 피부 타입 리뷰 기준으로 특별히 높은 부정 신호는 확인되지 않습니다.,"진정, 보습, 탄력, 모공, 영양공급",,0,base_skin_type=건성 확인
base_skin_type_건성,oliveyoung::A000000253337,oliveyoung,A000000253337,[포켓몬 에디션] 닥터지 레드 블레미쉬 수딩 업 선 50ml 1+1 기획 (+꼬부기 미니거울),닥터지,suncare,건성,266,19,13,5,1,0.6842,0.2632,0.0526,참고 가능,normal,선택 피부 타입 리뷰 기준으로 특별히 높은 부정 신호는 확인되지 않습니다.,,"주름, 각질, 미백, 보습, 탄력",2,base_skin_type=건성 확인
base_skin_type_건성,musinsa::3735818,musinsa,3735818,[증정] 무향 100시간 보습 세라마이드 아토 로션 564ml 2입,illiyoon,beauty,건성,560,139,136,2,1,0.9784,0.0144,0.0072,비교적 신뢰 가능,normal,선택 피부 타입 리뷰 기준으로 특별히 높은 부정 신호는 확인되지 않습니다.,"진정, 보습, 탄력, 모공, 영양공급",,0,base_skin_type=건성 확인
base_skin_type_건성,musinsa::4431245,musinsa,4431245,[보이넥스트도어 PICK] 헤어 바디 퍼퓸 미스트 100ml 월넛크릭그린,bibiang,beauty,건성,743,176,166,6,4,0.9432,0.0341,0.0227,비교적 신뢰 가능,normal,선택 피부 타입 리뷰 기준으로 특별히 높은 부정 신호는 확인되지 않습니다.,"진정, 보습, 탄력, 모공, 영양공급",,0,base_skin_type=건성 확인
base_skin_type_건성,musinsa::2587472,musinsa,2587472,포스트 알파 퍼스트 쿨링 패드 70매,cellfusionc,beauty,건성,1228,227,213,12,2,0.9383,0.0529,0.0088,비교적 신뢰 가능,normal,선택 피부 타입 리뷰 기준으로 특별히 높은 부정 신호는 확인되지 않습니다.,"진정, 보습, 모공, 유수분 조절, 미백",,0,base_skin_type=건성 확인
base_skin_type_건성,oliveyoung::A000000232213,oliveyoung,A000000232213,[이나연pick] VT 피디알엔 에센스 100 30ml 더블 기획 (+리들샷 100 10ml),VT,skincare,건성,216,31,26,4,1,0.8387,0.129,0.0323,비교적 신뢰 가능,normal,선택 피부 타입 리뷰 기준으로 특별히 높은 부정 신호는 확인되지 않습니다.,,"미백, 보습, 주름, 각질, 모공",3,base_skin_type=건성 확인
base_skin_type_민감성,oliveyoung::A000000190369,oliveyoung,A000000190369,[판매량 1억개 돌파/대용량] AHC 텐 레볼루션 리얼 아이크림 포 페이스 더블 기획,AHC,skincare,민감성,313,19,19,0,0,1.0,0.0,0.0,참고 가능,normal,선택 피부 타입 리뷰 기준으로 특별히 높은 부정 신호는 확인되지 않습니다.,,"보습, 트러블, 주름, 미백, 각질",4,base_skin_type=민감성 확인
base_skin_type_민감성,oliveyoung::A000000195970,oliveyoung,A000000195970,[청량보습] 라운드랩 포 맨 자작나무 토너/크림 2종 기획 (+쉐이빙폼 40ml),라운드랩,skincare,민감성,280,19,13,6,0,0.6842,0.3158,0.0,참고 가능,normal,선택 피부 타입 리뷰 기준으로 특별히 높은 부정 신호는 확인되지 않습니다.,,"홍조, 보습, 각질, 미백, 주름",3,base_skin_type=민감성 확인
base_skin_type_민감성,musinsa::3748858,musinsa,3748858,[무신사 단독] [2pack] 소나무 진정 시카 앰플 대용량 50ml (+동백 선세럼 7ml + 소나무 마스크 1매),roundlab,beauty,민감성,1687,180,163,16,1,0.9056,0.0889,0.0056,비교적 신뢰 가능,normal,선택 피부 타입 리뷰 기준으로 특별히 높은 부정 신호는 확인되지 않습니다.,"진정, 보습, 트러블, 모공, 유수분 조절",,0,base_skin_type=민감성 확인
base_skin_type_민감성,musinsa::1493323,musinsa,1493323,세라마이드샷 앰플 대용량 100ml,amplen,beauty,민감성,316,16,16,0,0,1.0,0.0,0.0,참고 가능,normal,선택 피부 타입 리뷰 기준으로 특별히 높은 부정 신호는 확인되지 않습니다.,"진정, 보습, 모공, 유수분 조절, 트러블",,0,base_skin_type=민감성 확인
base_skin_type_민감성,oliveyoung::A000000243677,oliveyoung,A000000243677,[재구매율1위/비타민앰플] 피지오겔 사이언수티컬즈 데일리뮨 앰플 20ml+20ml 더블기획,피지오겔,skincare,민감성,302,24,20,2,2,0.8333,0.0833,0.0833,비교적 신뢰 가능,normal,선택 피부 타입 리뷰 기준으로 특별히 높은 부정 신호는 확인되지 않습니다.,,"보습, 미백, 각질, 홍조, 모공",3,base_skin_type=민감성 확인
base_skin_type_민감성,oliveyoung::A000000102238,oliveyoung,A000000102238,라로슈포제 미셀라 클렌징워터 센시티브 400ml,라로슈포제,cleansing,민감성,114,5,5,0,0,1.0,0.0,0.0,참고 가능,normal,선택 피부 타입 리뷰 기준으로 특별히 높은 부정 신호는 확인되지 않습니다.,,"미백, 모공, 홍조, 트러블",1,base_skin_type=민감성 확인
base_skin_type_민감성,oliveyoung::A000000189171,oliveyoung,A000000189171,[림온PICK/모공컨트롤샷]폴라초이스 10% 나이아신아마이드 부스터 앰플 20ml 기획(+디럭스 2종),폴라초이스,skincare,민감성,247,12,10,0,2,0.8333,0.0,0.1667,참고 가능,moderate_negative_signal,선택 피부 타입 리뷰에서 일부 부정 반응이 확인됩니다.,,"모공, 보습, 주름, 미백, 트러블",0,base_skin_type=민감성 확인
base_skin_type_민감성,oliveyoung::A000000203118,oliveyoung,A000000203118,프리메라 리페어링 세라캡슐 UV프로텍터 톤업 프라이밍 40ml 더블기획/단품,프리메라,suncare,민감성,117,5,5,0,0,1.0,0.0,0.0,참고 가능,normal,선택 피부 타입 리뷰 기준으로 특별히 높은 부정 신호는 확인되지 않습니다.,,"주름, 보습, 미백, 트러블, 각질",2,base_skin_type=민감성 확인
base_skin_type_민감성,musinsa::2605792,musinsa,2605792,[증정] 무향 100시간 보습 세라마이드 아토 로션 350ml 2입,illiyoon,beauty,민감성,799,76,75,1,0,0.9868,0.0132,0.0,비교적 신뢰 가능,normal,선택 피부 타입 리뷰 기준으로 특별히 높은 부정 신호는 확인되지 않습니다.,"진정, 보습, 유수분 조절, 트러블, 모공",,0,base_skin_type=민감성 확인
base_skin_type_민감성,musinsa::3098201,musinsa,3098201,[사은품 증정] (대용량) 레티놀 시카 흔적 앰플 50mL + 10mL 2개,innisfree,beauty,민감성,2631,192,173,16,3,0.901,0.0833,0.0156,비교적 신뢰 가능,normal,선택 피부 타입 리뷰 기준으로 특별히 높은 부정 신호는 확인되지 않습니다.,"진정, 보습, 트러블, 모공, 유수분 조절",,0,base_skin_type=민감성 확인
base_skin_type_민감성,musinsa::3874820,musinsa,3874820,[페이스&바디클렌저]티트리 퓨어 캐스틸 솝 950ml,drbronners,beauty,민감성,898,61,56,4,1,0.918,0.0656,0.0164,비교적 신뢰 가능,normal,선택 피부 타입 리뷰 기준으로 특별히 높은 부정 신호는 확인되지 않습니다.,"진정, 보습, 모공, 트러블, 유수분 조절",,0,base_skin_type=민감성 확인
base_skin_type_민감성,oliveyoung::A000000185429,oliveyoung,A000000185429,[1+1] 프리메라 필링 투 폼 클렌저 120ml 1+1 기획/단품,프리메라,cleansing,민감성,195,11,8,2,1,0.7273,0.1818,0.0909,참고 가능,normal,선택 피부 타입 리뷰 기준으로 특별히 높은 부정 신호는 확인되지 않습니다.,,"미백, 보습, 홍조, 주름, 모공",2,base_skin_type=민감성 확인
base_skin_type_민감성,musinsa::2172337,musinsa,2172337,아토베리어365 로션 150ml,aestura,beauty,민감성,3048,291,267,19,5,0.9175,0.0653,0.0172,비교적 신뢰 가능,normal,선택 피부 타입 리뷰 기준으로 특별히 높은 부정 신호는 확인되지 않습니다.,"진정, 보습, 트러블, 유수분 조절, 모공",,0,base_skin_type=민감성 확인
base_skin_type_민감성,oliveyoung::A000000240243,oliveyoung,A000000240243,닥터자르트 크라이오 러버 마스크 4종 택1,닥터자르트,maskpack,민감성,241,8,6,2,0,0.75,0.25,0.0,참고 가능,normal,선택 피부 타입 리뷰 기준으로 특별히 높은 부정 신호는 확인되지 않습니다.,,"주름, 모공, 미백",0,base_skin_type=민감성 확인
base_skin_type_민감성,musinsa::2550029,musinsa,2550029,[진로콜라보][2pack] 아쿠아티카 쿨링 썬스크린 50ml + 스티커 키링 기획세트 + [증정] 스킨 부스터 세럼 20ml + 진로 쿨링패드 2매,cellfusionc,beauty,민감성,163,11,10,1,0,0.9091,0.0909,0.0,참고 가능,normal,선택 피부 타입 리뷰 기준으로 특별히 높은 부정 신호는 확인되지 않습니다.,"진정, 보습, 트러블, 모공, 유수분 조절",,0,base_skin_type=민감성 확인
base_skin_type_민감성,oliveyoung::A000000206904,oliveyoung,A000000206904,라로슈포제 시카플라스트 밤 B5+ 100ml 기획 (+3ml 추가증정),라로슈포제,skincare,민감성,240,6,3,0,3,0.5,0.0,0.5,참고 가능,high_negative_signal,선택 피부 타입 리뷰에서 부정 반응 비율이 상대적으로 높습니다. 구매 전 부정 리뷰를 먼저 확인하세요.,,"보습, 홍조, 탄력, 각질, 미백",3,base_skin_type=민감성 확인
base_skin_type_민감성,musinsa::6239322,musinsa,6239322,스킨 베리어 카밍 로션 이엑스 220ml,ongredients,beauty,민감성,2189,150,143,4,3,0.9533,0.0267,0.02,비교적 신뢰 가능,normal,선택 피부 타입 리뷰 기준으로 특별히 높은 부정 신호는 확인되지 않습니다.,"진정, 보습, 트러블, 모공, 유수분 조절",,0,base_skin_type=민감성 확인
base_skin_type_민감성,oliveyoung::A000000212247,oliveyoung,A000000212247,오브제 포어 제로 무스 클레이 팩 100ml,오브제,maskpack,민감성,192,6,6,0,0,1.0,0.0,0.0,참고 가능,normal,선택 피부 타입 리뷰 기준으로 특별히 높은 부정 신호는 확인되지 않습니다.,,"미백, 주름, 트러블, 보습",0,base_skin_type=민감성 확인
base_skin_type_민감성,oliveyoung::A000000254406,oliveyoung,A000000254406,NEW[파데프리/톤업선/톤업선크림] 체이싱래빗 올어바웃 글로우 톤업 선 70ml,체이싱래빗,suncare,민감성,127,6,6,0,0,1.0,0.0,0.0,참고 가능,normal,선택 피부 타입 리뷰 기준으로 특별히 높은 부정 신호는 확인되지 않습니다.,,"미백, 홍조, 보습, 주름, 모공",2,base_skin_type=민감성 확인
base_skin_type_민감성,oliveyoung::A000000225217,oliveyoung,A000000225217,더마팩토리 나이아신아마이드 20% 세럼 30ml,더마팩토리,skincare,민감성,275,14,12,0,2,0.8571,0.0,0.1429,참고 가능,normal,선택 피부 타입 리뷰 기준으로 특별히 높은 부정 신호는 확인되지 않습니다.,,"미백, 트러블, 주름, 각질, 보습",0,base_skin_type=민감성 확인
base_skin_type_복합성,oliveyoung::A000000205435,oliveyoung,A000000205435,[빙하수쿨링패드/더블기획] 셀퓨전씨 포스트 알파 쿨링 패드 70매 더블기획(쿨링/시카쿨링),셀퓨전씨,maskpack,복합성,308,43,36,6,1,0.8372,0.1395,0.0233,비교적 신뢰 가능,normal,선택 피부 타입 리뷰 기준으로 특별히 높은 부정 신호는 확인되지 않습니다.,,"주름, 미백, 홍조, 트러블, 보습",7,base_skin_type=복합성 확인
base_skin_type_복합성,musinsa::2637406,musinsa,2637406,어반쉐이드 쿨카밍 선스틱 SPF50+ PA++++ 20g,dewytree,beauty,복합성,1398,517,468,40,9,0.9052,0.0774,0.0174,비교적 신뢰 가능,normal,선택 피부 타입 리뷰 기준으로 특별히 높은 부정 신호는 확인되지 않습니다.,"진정, 보습, 모공, 유수분 조절, 트러블",,0,base_skin_type=복합성 확인
base_skin_type_복합성,musinsa::3098201,musinsa,3098201,[사은품 증정] (대용량) 레티놀 시카 흔적 앰플 50mL + 10mL 2개,innisfree,beauty,복합성,2631,886,799,64,23,0.9018,0.0722,0.026,비교적 신뢰 가능,normal,선택 피부 타입 리뷰 기준으로 특별히 높은 부정 신호는 확인되지 않습니다.,"진정, 보습, 모공, 트러블, 유수분 조절",,0,base_skin_type=복합성 확인
base_skin_type_복합성,musinsa::2570504,musinsa,2570504,DMT 페이셜 수분 크림 150ml+추가증정,physiogel,beauty,복합성,1216,495,455,31,9,0.9192,0.0626,0.0182,비교적 신뢰 가능,normal,선택 피부 타입 리뷰 기준으로 특별히 높은 부정 신호는 확인되지 않습니다.,"진정, 보습, 모공, 유수분 조절, 트러블",,0,base_skin_type=복합성 확인
base_skin_type_복합성,musinsa::4240698,musinsa,4240698,퍼퓸 버블 대용량 핸드워시 515ml 5종 선물세트,hetrasbeauty,beauty,복합성,173,98,91,3,4,0.9286,0.0306,0.0408,비교적 신뢰 가능,normal,선택 피부 타입 리뷰 기준으로 특별히 높은 부정 신호는 확인되지 않습니다.,"진정, 보습, 모공, 트러블, 유수분 조절",,0,base_skin_type=복합성 확인
base_skin_type_복합성,musinsa::1619465,musinsa,1619465,울트라리페어 로션 350ml 2 pack + 트러블 미스트 30ml 증정,illiyoon,beauty,복합성,156,28,26,2,0,0.9286,0.0714,0.0,비교적 신뢰 가능,normal,선택 피부 타입 리뷰 기준으로 특별히 높은 부정 신호는 확인되지 않습니다.,"진정, 보습, 모공, 유수분 조절, 트러블",,0,base_skin_type=복합성 확인
base_skin_type_복합성,musinsa::3775064,musinsa,3775064,비건 핸드크림 3개 골라담기,kamill,beauty,복합성,788,331,314,15,2,0.9486,0.0453,0.006,비교적 신뢰 가능,normal,선택 피부 타입 리뷰 기준으로 특별히 높은 부정 신호는 확인되지 않습니다.,"진정, 보습, 모공, 유수분 조절, 트러블",,0,base_skin_type=복합성 확인
base_skin_type_복합성,musinsa::2172345,musinsa,2172345,아토베리어365 크림 80ml,aestura,beauty,복합성,5697,2410,2252,132,26,0.9344,0.0548,0.0108,비교적 신뢰 가능,normal,선택 피부 타입 리뷰 기준으로 특별히 높은 부정 신호는 확인되지 않습니다.,"진정, 보습, 모공, 유수분 조절, 트러블",,0,base_skin_type=복합성 확인
base_skin_type_복합성,musinsa::4701719,musinsa,4701719,레이저 UV 썬스크린 50ml,cellfusionc,beauty,복합성,733,338,312,23,3,0.9231,0.068,0.0089,비교적 신뢰 가능,normal,선택 피부 타입 리뷰 기준으로 특별히 높은 부정 신호는 확인되지 않습니다.,"진정, 보습, 모공, 유수분 조절, 탄력",,0,base_skin_type=복합성 확인
base_skin_type_복합성,musinsa::5848372,musinsa,5848372,리얼 히알루로닉 100 토너 500ml,wellage,beauty,복합성,118,63,60,3,0,0.9524,0.0476,0.0,비교적 신뢰 가능,normal,선택 피부 타입 리뷰 기준으로 특별히 높은 부정 신호는 확인되지 않습니다.,"진정, 보습, 모공, 유수분 조절, 트러블",,0,base_skin_type=복합성 확인
base_skin_type_복합성,musinsa::3317081,musinsa,3317081,포어제로 오일 컨트롤 선스틱 2개 세트,obge,beauty,복합성,397,171,149,17,5,0.8713,0.0994,0.0292,비교적 신뢰 가능,normal,선택 피부 타입 리뷰 기준으로 특별히 높은 부정 신호는 확인되지 않습니다.,"진정, 보습, 유수분 조절, 모공, 트러블",,0,base_skin_type=복합성 확인
base_skin_type_복합성,musinsa::2417998,musinsa,2417998,리얼 히알루로닉 블루 100 앰플 100ml,wellage,beauty,복합성,2856,1058,983,67,8,0.9291,0.0633,0.0076,비교적 신뢰 가능,normal,선택 피부 타입 리뷰 기준으로 특별히 높은 부정 신호는 확인되지 않습니다.,"진정, 보습, 모공, 유수분 조절, 트러블",,0,base_skin_type=복합성 확인
base_skin_type_복합성,musinsa::3685238,musinsa,3685238,데일리 모이스처 푸딩 크림 50ml,ilso,beauty,복합성,196,109,98,10,1,0.8991,0.0917,0.0092,비교적 신뢰 가능,normal,선택 피부 타입 리뷰 기준으로 특별히 높은 부정 신호는 확인되지 않습니다.,"진정, 보습, 유수분 조절, 모공, 트러블",,0,base_skin_type=복합성 확인
base_skin_type_복합성,musinsa::2585005,musinsa,2585005,[SET] 다이브인 저분자 히알루론산 크림 80ml+수딩크림 80ml (+수딩크림 20ml),torriden,beauty,복합성,481,119,111,7,1,0.9328,0.0588,0.0084,비교적 신뢰 가능,normal,선택 피부 타입 리뷰 기준으로 특별히 높은 부정 신호는 확인되지 않습니다.,"진정, 보습, 유수분 조절, 모공, 트러블",,0,base_skin_type=복합성 확인
base_skin_type_복합성,oliveyoung::A000000242341,oliveyoung,A000000242341,[글로우 부스팅샷] 아이오페 PDRN 카페인 샷 30ml 리필 기획 (+30ml 리필),아이오페,skincare,복합성,245,29,25,4,0,0.8621,0.1379,0.0,비교적 신뢰 가능,normal,선택 피부 타입 리뷰 기준으로 특별히 높은 부정 신호는 확인되지 않습니다.,,"미백, 모공, 주름, 보습, 각질",5,base_skin_type=복합성 확인
base_skin_type_복합성,musinsa::2996090,musinsa,2996090,밸런스풀 시카 진정 크림 80ml,torriden,beauty,복합성,1158,349,326,19,4,0.9341,0.0544,0.0115,비교적 신뢰 가능,normal,선택 피부 타입 리뷰 기준으로 특별히 높은 부정 신호는 확인되지 않습니다.,"진정, 보습, 트러블, 모공, 유수분 조절",,0,base_skin_type=복합성 확인
base_skin_type_복합성,musinsa::2632600,musinsa,2632600,아쿠아 오아시스 토너 300ml,snature,beauty,복합성,3075,1098,1049,45,4,0.9554,0.041,0.0036,비교적 신뢰 가능,normal,선택 피부 타입 리뷰 기준으로 특별히 높은 부정 신호는 확인되지 않습니다.,"진정, 보습, 유수분 조절, 모공, 트러블",,0,base_skin_type=복합성 확인
base_skin_type_복합성,musinsa::3098202,musinsa,3098202,레티놀 시카 흔적 앰플 30mL,innisfree,beauty,복합성,1309,382,328,44,10,0.8586,0.1152,0.0262,비교적 신뢰 가능,normal,선택 피부 타입 리뷰 기준으로 특별히 높은 부정 신호는 확인되지 않습니다.,"진정, 보습, 모공, 트러블, 유수분 조절",,0,base_skin_type=복합성 확인
base_skin_type_복합성,oliveyoung::A000000253724,oliveyoung,A000000253724,[5월 올영픽][2입 기획] 제로이드 데일리 선크림 기획 (50ml+50ml),제로이드,suncare,복합성,196,9,8,0,1,0.8889,0.0,0.1111,참고 가능,normal,선택 피부 타입 리뷰 기준으로 특별히 높은 부정 신호는 확인되지 않습니다.,,"미백, 보습, 홍조, 트러블, 각질",2,base_skin_type=복합성 확인
base_skin_type_복합성,musinsa::6183155,musinsa,6183155,순한 수딩 선젤+,truthofbeauty,beauty,복합성,55,22,21,1,0,0.9545,0.0455,0.0,비교적 신뢰 가능,normal,선택 피부 타입 리뷰 기준으로 특별히 높은 부정 신호는 확인되지 않습니다.,"진정, 보습, 모공, 유수분 조절, 탄력",,0,base_skin_type=복합성 확인
base_skin_type_중성,oliveyoung::A000000229695,oliveyoung,A000000229695,[장도연 PICK/초밀착 세럼팩] 메디힐 랩핑 세럼 마스크 10매 6종,메디힐,maskpack,중성,314,2,0,0,2,0.0,0.0,1.0,근거 부족,insufficient_evidence,선택 피부 타입 리뷰 수가 적어 참고용으로만 확인하세요.,,"모공, 보습, 미백, 주름",0,base_skin_type=중성 확인
base_skin_type_중성,oliveyoung::A000000231589,oliveyoung,A000000231589,[5월 올영픽][대용량] 제로이드 수딩 크림 80ml 기획 (+50ml),제로이드,skincare,중성,285,3,2,1,0,0.6667,0.3333,0.0,근거 부족,insufficient_evidence,선택 피부 타입 리뷰 수가 적어 참고용으로만 확인하세요.,,"모공, 미백, 주름",2,base_skin_type=중성 확인
base_skin_type_중성,oliveyoung::A000000254466,oliveyoung,A000000254466,[NEW/단독선런칭] 바이오던스 리포좀 버블 부스터 95ml 2종 택 1 (콜라겐/캐비어 PDRN),바이오던스,maskpack,중성,188,2,2,0,0,1.0,0.0,0.0,근거 부족,insufficient_evidence,선택 피부 타입 리뷰 수가 적어 참고용으로만 확인하세요.,,"미백, 보습, 주름, 모공",0,base_skin_type=중성 확인
base_skin_type_중성,oliveyoung::A000000232494,oliveyoung,A000000232494,[단독기획] 아누아 어성초 센텔라 레드 스팟 크림 30g 2입,아누아,skincare,중성,228,1,1,0,0,1.0,0.0,0.0,근거 부족,insufficient_evidence,선택 피부 타입 리뷰 수가 적어 참고용으로만 확인하세요.,,,0,base_skin_type=중성 확인
base_skin_type_중성,oliveyoung::A000000158752,oliveyoung,A000000158752,[1등마스크] 토리든 시트 마스크 10매 4종(수분/진정/브라이트닝/모공),토리든,maskpack,중성,280,2,2,0,0,1.0,0.0,0.0,근거 부족,insufficient_evidence,선택 피부 타입 리뷰 수가 적어 참고용으로만 확인하세요.,,"미백, 주름",0,base_skin_type=중성 확인
base_skin_type_중성,oliveyoung::A000000212703,oliveyoung,A000000212703,[1등팩클렌저/단독기획] 풀리 비건 팩클렌저 기획 3종 (그린토마토/쌀반죽/레드토마토),풀리,cleansing,중성,319,5,5,0,0,1.0,0.0,0.0,참고 가능,normal,선택 피부 타입 리뷰 기준으로 특별히 높은 부정 신호는 확인되지 않습니다.,,"미백, 주름",0,base_skin_type=중성 확인
base_skin_type_중성,oliveyoung::A000000230821,oliveyoung,A000000230821,[수분민감/미세먼지OUT] 라곰 셀럽 마이크로 폼 클렌저 2종 택 1,라곰,cleansing,중성,293,2,2,0,0,1.0,0.0,0.0,근거 부족,insufficient_evidence,선택 피부 타입 리뷰 수가 적어 참고용으로만 확인하세요.,,"미백, 트러블",1,base_skin_type=중성 확인
base_skin_type_중성,oliveyoung::A000000226553,oliveyoung,A000000226553,[유수분밸런스]브링그린 티트리 시카 수딩 크림 플러스 100ml (2입/단품),브링그린,skincare,중성,267,4,4,0,0,1.0,0.0,0.0,근거 부족,insufficient_evidence,선택 피부 타입 리뷰 수가 적어 참고용으로만 확인하세요.,,"미백, 주름, 보습",0,base_skin_type=중성 확인
base_skin_type_중성,oliveyoung::A000000232212,oliveyoung,A000000232212,[모공에센스] VT 리들샷 100 에센스 30ml 더블 기획(+피디알엔 에센스 100 1.5ml*3ea),VT,skincare,중성,87,2,1,1,0,0.5,0.5,0.0,근거 부족,insufficient_evidence,선택 피부 타입 리뷰 수가 적어 참고용으로만 확인하세요.,,각질,2,base_skin_type=중성 확인
base_skin_type_중성,oliveyoung::A000000229630,oliveyoung,A000000229630,스킨푸드 블랙슈가 마스크 워시오프 120g 더블기획 (본품+본품),스킨푸드,maskpack,중성,210,1,0,1,0,0.0,1.0,0.0,근거 부족,insufficient_evidence,선택 피부 타입 리뷰 수가 적어 참고용으로만 확인하세요.,,"트러블, 보습",0,base_skin_type=중성 확인
base_skin_type_중성,oliveyoung::A000000211170,oliveyoung,A000000211170,[단독기획/추가증정] 셀리맥스 시카 지우개 패드 60+20매 기획세트,셀리맥스,maskpack,중성,249,2,2,0,0,1.0,0.0,0.0,근거 부족,insufficient_evidence,선택 피부 타입 리뷰 수가 적어 참고용으로만 확인하세요.,,"주름, 모공, 미백, 홍조",0,base_skin_type=중성 확인
base_skin_type_중성,oliveyoung::A000000222790,oliveyoung,A000000222790,아누아 어성초 피지쏙 모공 폼 150ml 2입 기획,아누아,cleansing,중성,257,3,2,0,1,0.6667,0.0,0.3333,근거 부족,insufficient_evidence,선택 피부 타입 리뷰 수가 적어 참고용으로만 확인하세요.,,"보습, 홍조, 미백, 주름",0,base_skin_type=중성 확인
base_skin_type_중성,oliveyoung::A000000250048,oliveyoung,A000000250048,[NEW/키링증정] 토코보 미니 선스틱 11g 기획 3종 SPF50+ PA++++,토코보,suncare,중성,216,5,5,0,0,1.0,0.0,0.0,참고 가능,normal,선택 피부 타입 리뷰 기준으로 특별히 높은 부정 신호는 확인되지 않습니다.,,"모공, 각질, 트러블, 미백, 주름",2,base_skin_type=중성 확인
base_skin_type_중성,oliveyoung::A000000249451,oliveyoung,A000000249451,[사나PICK]비오레 UV 아쿠아 리치 워터리 에센스 50g 단품/더블기획,비오레,suncare,중성,163,3,2,1,0,0.6667,0.3333,0.0,근거 부족,insufficient_evidence,선택 피부 타입 리뷰 수가 적어 참고용으로만 확인하세요.,,"미백, 각질, 모공, 주름",1,base_skin_type=중성 확인
base_skin_type_중성,oliveyoung::A000000202678,oliveyoung,A000000202678,[블랙헤드 쏙] 바닐라코 클린잇제로 포어클래리파잉 클렌징밤 100ml,바닐라코,cleansing,중성,303,2,2,0,0,1.0,0.0,0.0,근거 부족,insufficient_evidence,선택 피부 타입 리뷰 수가 적어 참고용으로만 확인하세요.,,"홍조, 주름, 모공",1,base_skin_type=중성 확인
base_skin_type_중성,oliveyoung::A000000235179,oliveyoung,A000000235179,[물광리프팅] 성분에디터 실크펩타이드 EGF 하트핏 볼륨 리프팅 앰플 40ml 더블기획,성분에디터,skincare,중성,278,2,2,0,0,1.0,0.0,0.0,근거 부족,insufficient_evidence,선택 피부 타입 리뷰 수가 적어 참고용으로만 확인하세요.,,"주름, 모공",0,base_skin_type=중성 확인
base_skin_type_중성,oliveyoung::A000000252256,oliveyoung,A000000252256,[리뉴얼/쫀광효과UP] 아로셀 슈퍼 콜라겐 마스크 2.0 ECM Active 3+1매 기획,아로셀,maskpack,중성,231,1,1,0,0,1.0,0.0,0.0,근거 부족,insufficient_evidence,선택 피부 타입 리뷰 수가 적어 참고용으로만 확인하세요.,,,0,base_skin_type=중성 확인
base_skin_type_중성,oliveyoung::A000000254070,oliveyoung,A000000254070,[포켓몬 에디션] VT 피디알엔 하이드로겔 마스크 4매 기획 (+포켓몬 스티커),VT,maskpack,중성,217,2,0,1,1,0.0,0.5,0.5,근거 부족,insufficient_evidence,선택 피부 타입 리뷰 수가 적어 참고용으로만 확인하세요.,,보습,2,base_skin_type=중성 확인
base_skin_type_중성,oliveyoung::A000000249580,oliveyoung,A000000249580,[트러블 피부 추천/약산성 장벽 케어] 제로이드 핌프로브 레드 컨트롤 크림 pH4 80ml,제로이드,skincare,중성,182,3,3,0,0,1.0,0.0,0.0,근거 부족,insufficient_evidence,선택 피부 타입 리뷰 수가 적어 참고용으로만 확인하세요.,,각질,1,base_skin_type=중성 확인
base_skin_type_중성,oliveyoung::A000000251494,oliveyoung,A000000251494,도미나스 크림 Rx 30ml 기획 (+7ml),도미나스,skincare,중성,237,5,5,0,0,1.0,0.0,0.0,참고 가능,normal,선택 피부 타입 리뷰 기준으로 특별히 높은 부정 신호는 확인되지 않습니다.,,"주름, 모공, 미백",0,base_skin_type=중성 확인
platform_musinsa,musinsa::2637406,musinsa,2637406,어반쉐이드 쿨카밍 선스틱 SPF50+ PA++++ 20g,dewytree,beauty,복합성,1398,517,468,40,9,0.9052,0.0774,0.0174,비교적 신뢰 가능,normal,선택 피부 타입 리뷰 기준으로 특별히 높은 부정 신호는 확인되지 않습니다.,"진정, 보습, 모공, 유수분 조절, 트러블",,0,platform=musinsa 확인 (20개 가용)
platform_musinsa,musinsa::3098201,musinsa,3098201,[사은품 증정] (대용량) 레티놀 시카 흔적 앰플 50mL + 10mL 2개,innisfree,beauty,복합성,2631,886,799,64,23,0.9018,0.0722,0.026,비교적 신뢰 가능,normal,선택 피부 타입 리뷰 기준으로 특별히 높은 부정 신호는 확인되지 않습니다.,"진정, 보습, 모공, 트러블, 유수분 조절",,0,platform=musinsa 확인 (20개 가용)
platform_musinsa,musinsa::2570504,musinsa,2570504,DMT 페이셜 수분 크림 150ml+추가증정,physiogel,beauty,복합성,1216,495,455,31,9,0.9192,0.0626,0.0182,비교적 신뢰 가능,normal,선택 피부 타입 리뷰 기준으로 특별히 높은 부정 신호는 확인되지 않습니다.,"진정, 보습, 모공, 유수분 조절, 트러블",,0,platform=musinsa 확인 (20개 가용)
platform_musinsa,musinsa::3505072,musinsa,3505072,[SET] 다이브인 저분자 히알루론산 토너 300ml  x  2개 (+다이브인 크림 20ml),torriden,beauty,지성,1461,273,261,11,1,0.956,0.0403,0.0037,비교적 신뢰 가능,normal,선택 피부 타입 리뷰 기준으로 특별히 높은 부정 신호는 확인되지 않습니다.,"진정, 보습, 트러블, 모공, 유수분 조절",,0,platform=musinsa 확인 (20개 가용)
platform_musinsa,musinsa::4240698,musinsa,4240698,퍼퓸 버블 대용량 핸드워시 515ml 5종 선물세트,hetrasbeauty,beauty,복합성,173,98,91,3,4,0.9286,0.0306,0.0408,비교적 신뢰 가능,normal,선택 피부 타입 리뷰 기준으로 특별히 높은 부정 신호는 확인되지 않습니다.,"진정, 보습, 모공, 트러블, 유수분 조절",,0,platform=musinsa 확인 (20개 가용)
platform_musinsa,musinsa::6213430,musinsa,6213430,언리시아 선셋 대즐 글로스 밤,unleashia,beauty,건성,20,7,7,0,0,1.0,0.0,0.0,참고 가능,normal,선택 피부 타입 리뷰 기준으로 특별히 높은 부정 신호는 확인되지 않습니다.,"진정, 보습, 유수분 조절, 영양공급, 탄력",,0,platform=musinsa 확인 (20개 가용)
platform_musinsa,musinsa::1619465,musinsa,1619465,울트라리페어 로션 350ml 2 pack + 트러블 미스트 30ml 증정,illiyoon,beauty,복합성,156,28,26,2,0,0.9286,0.0714,0.0,비교적 신뢰 가능,normal,선택 피부 타입 리뷰 기준으로 특별히 높은 부정 신호는 확인되지 않습니다.,"진정, 보습, 모공, 유수분 조절, 트러블",,0,platform=musinsa 확인 (20개 가용)
platform_musinsa,musinsa::3775064,musinsa,3775064,비건 핸드크림 3개 골라담기,kamill,beauty,복합성,788,331,314,15,2,0.9486,0.0453,0.006,비교적 신뢰 가능,normal,선택 피부 타입 리뷰 기준으로 특별히 높은 부정 신호는 확인되지 않습니다.,"진정, 보습, 모공, 유수분 조절, 트러블",,0,platform=musinsa 확인 (20개 가용)
platform_musinsa,musinsa::2172345,musinsa,2172345,아토베리어365 크림 80ml,aestura,beauty,복합성,5697,2410,2252,132,26,0.9344,0.0548,0.0108,비교적 신뢰 가능,normal,선택 피부 타입 리뷰 기준으로 특별히 높은 부정 신호는 확인되지 않습니다.,"진정, 보습, 모공, 유수분 조절, 트러블",,0,platform=musinsa 확인 (20개 가용)
platform_musinsa,musinsa::2959816,musinsa,2959816,[SET] 다이브인 저분자 히알루론산 세럼 50ml+40ml (+시카컨트롤세럼 10ml),torriden,beauty,건성,11221,1642,1549,72,21,0.9434,0.0438,0.0128,비교적 신뢰 가능,normal,선택 피부 타입 리뷰 기준으로 특별히 높은 부정 신호는 확인되지 않습니다.,"진정, 보습, 모공, 탄력, 유수분 조절",,0,platform=musinsa 확인 (20개 가용)
platform_musinsa,musinsa::4701719,musinsa,4701719,레이저 UV 썬스크린 50ml,cellfusionc,beauty,복합성,733,338,312,23,3,0.9231,0.068,0.0089,비교적 신뢰 가능,normal,선택 피부 타입 리뷰 기준으로 특별히 높은 부정 신호는 확인되지 않습니다.,"진정, 보습, 모공, 유수분 조절, 탄력",,0,platform=musinsa 확인 (20개 가용)
platform_musinsa,musinsa::5848372,musinsa,5848372,리얼 히알루로닉 100 토너 500ml,wellage,beauty,복합성,118,63,60,3,0,0.9524,0.0476,0.0,비교적 신뢰 가능,normal,선택 피부 타입 리뷰 기준으로 특별히 높은 부정 신호는 확인되지 않습니다.,"진정, 보습, 모공, 유수분 조절, 트러블",,0,platform=musinsa 확인 (20개 가용)
platform_musinsa,musinsa::4485242,musinsa,4485242,[보이넥스트도어 PICK] 니치퍼퓸 핸드크림 월넛크릭그린,bibiang,beauty,지성,457,85,82,3,0,0.9647,0.0353,0.0,비교적 신뢰 가능,normal,선택 피부 타입 리뷰 기준으로 특별히 높은 부정 신호는 확인되지 않습니다.,"진정, 보습, 트러블, 모공, 유수분 조절",,0,platform=musinsa 확인 (20개 가용)
platform_musinsa,musinsa::4234036,musinsa,4234036,호텔 테라피 퍼퓸 대용량  바디로션 1013ml,hetrasbeauty,beauty,건성,964,244,231,12,1,0.9467,0.0492,0.0041,비교적 신뢰 가능,normal,선택 피부 타입 리뷰 기준으로 특별히 높은 부정 신호는 확인되지 않습니다.,"진정, 보습, 탄력, 영양공급, 모공",,0,platform=musinsa 확인 (20개 가용)
platform_musinsa,musinsa::6239507,musinsa,6239507,피브 하이퍼 하이드로 세럼 100ml,feev,beauty,지성,2656,863,812,49,2,0.9409,0.0568,0.0023,비교적 신뢰 가능,normal,선택 피부 타입 리뷰 기준으로 특별히 높은 부정 신호는 확인되지 않습니다.,"유수분 조절, 모공, 진정, 보습, 트러블",,0,platform=musinsa 확인 (20개 가용)
platform_musinsa,musinsa::3317081,musinsa,3317081,포어제로 오일 컨트롤 선스틱 2개 세트,obge,beauty,복합성,397,171,149,17,5,0.8713,0.0994,0.0292,비교적 신뢰 가능,normal,선택 피부 타입 리뷰 기준으로 특별히 높은 부정 신호는 확인되지 않습니다.,"진정, 보습, 유수분 조절, 모공, 트러블",,0,platform=musinsa 확인 (20개 가용)
platform_musinsa,musinsa::2417998,musinsa,2417998,리얼 히알루로닉 블루 100 앰플 100ml,wellage,beauty,복합성,2856,1058,983,67,8,0.9291,0.0633,0.0076,비교적 신뢰 가능,normal,선택 피부 타입 리뷰 기준으로 특별히 높은 부정 신호는 확인되지 않습니다.,"진정, 보습, 모공, 유수분 조절, 트러블",,0,platform=musinsa 확인 (20개 가용)
platform_musinsa,musinsa::3685238,musinsa,3685238,데일리 모이스처 푸딩 크림 50ml,ilso,beauty,복합성,196,109,98,10,1,0.8991,0.0917,0.0092,비교적 신뢰 가능,normal,선택 피부 타입 리뷰 기준으로 특별히 높은 부정 신호는 확인되지 않습니다.,"진정, 보습, 유수분 조절, 모공, 트러블",,0,platform=musinsa 확인 (20개 가용)
platform_musinsa,musinsa::2585005,musinsa,2585005,[SET] 다이브인 저분자 히알루론산 크림 80ml+수딩크림 80ml (+수딩크림 20ml),torriden,beauty,복합성,481,119,111,7,1,0.9328,0.0588,0.0084,비교적 신뢰 가능,normal,선택 피부 타입 리뷰 기준으로 특별히 높은 부정 신호는 확인되지 않습니다.,"진정, 보습, 유수분 조절, 모공, 트러블",,0,platform=musinsa 확인 (20개 가용)
platform_musinsa,musinsa::2996090,musinsa,2996090,밸런스풀 시카 진정 크림 80ml,torriden,beauty,복합성,1158,349,326,19,4,0.9341,0.0544,0.0115,비교적 신뢰 가능,normal,선택 피부 타입 리뷰 기준으로 특별히 높은 부정 신호는 확인되지 않습니다.,"진정, 보습, 트러블, 모공, 유수분 조절",,0,platform=musinsa 확인 (20개 가용)
platform_oliveyoung,oliveyoung::A000000205435,oliveyoung,A000000205435,[빙하수쿨링패드/더블기획] 셀퓨전씨 포스트 알파 쿨링 패드 70매 더블기획(쿨링/시카쿨링),셀퓨전씨,maskpack,복합성,308,43,36,6,1,0.8372,0.1395,0.0233,비교적 신뢰 가능,normal,선택 피부 타입 리뷰 기준으로 특별히 높은 부정 신호는 확인되지 않습니다.,,"주름, 미백, 홍조, 트러블, 보습",7,platform=oliveyoung 확인 (20개 가용)
platform_oliveyoung,oliveyoung::A000000190369,oliveyoung,A000000190369,[판매량 1억개 돌파/대용량] AHC 텐 레볼루션 리얼 아이크림 포 페이스 더블 기획,AHC,skincare,민감성,313,19,19,0,0,1.0,0.0,0.0,참고 가능,normal,선택 피부 타입 리뷰 기준으로 특별히 높은 부정 신호는 확인되지 않습니다.,,"보습, 트러블, 주름, 미백, 각질",4,platform=oliveyoung 확인 (20개 가용)
platform_oliveyoung,oliveyoung::A000000185112,oliveyoung,A000000185112,브링그린 프레시 마스크 1매/10매 (히알루 수분/티트리 진정/글루타치온 톤업/알로에 수딩),브링그린,maskpack,건성,300,55,52,0,3,0.9455,0.0,0.0545,비교적 신뢰 가능,normal,선택 피부 타입 리뷰 기준으로 특별히 높은 부정 신호는 확인되지 않습니다.,,"미백, 트러블, 주름, 모공, 보습",3,platform=oliveyoung 확인 (20개 가용)
platform_oliveyoung,oliveyoung::A000000232724,oliveyoung,A000000232724,[NO.1 미스트세럼] 달바 퍼스트 스프레이 세럼 100ml 2개 기획,달바,skincare,지성,294,36,31,1,4,0.8611,0.0278,0.1111,비교적 신뢰 가능,normal,선택 피부 타입 리뷰 기준으로 특별히 높은 부정 신호는 확인되지 않습니다.,,"미백, 모공, 주름, 홍조, 보습",5,platform=oliveyoung 확인 (20개 가용)
platform_oliveyoung,oliveyoung::A000000205004,oliveyoung,A000000205004,[피지케어/화잘먹팩] 토르홉 무스타 콩테 체인저블 퀵 마스크 60g/90g,토르홉,maskpack,건성,252,19,17,1,1,0.8947,0.0526,0.0526,참고 가능,normal,선택 피부 타입 리뷰 기준으로 특별히 높은 부정 신호는 확인되지 않습니다.,,"보습, 미백, 주름, 모공, 트러블",4,platform=oliveyoung 확인 (20개 가용)
platform_oliveyoung,oliveyoung::A000000254406,oliveyoung,A000000254406,NEW[파데프리/톤업선/톤업선크림] 체이싱래빗 올어바웃 글로우 톤업 선 70ml,체이싱래빗,suncare,지성,127,31,31,0,0,1.0,0.0,0.0,비교적 신뢰 가능,normal,선택 피부 타입 리뷰 기준으로 특별히 높은 부정 신호는 확인되지 않습니다.,,"주름, 미백, 각질, 보습, 모공",7,platform=oliveyoung 확인 (20개 가용)
platform_oliveyoung,oliveyoung::A000000252917,oliveyoung,A000000252917,[온라인단독] 라로슈포제 시카플라스트 밤 B5+& 멀티리페어 크림 B5 100ml 기획 (+시카에센스 7.5ml*2),라로슈포제,skincare,지성,227,37,22,2,13,0.5946,0.0541,0.3514,비교적 신뢰 가능,high_negative_signal,선택 피부 타입 리뷰에서 부정 반응 비율이 상대적으로 높습니다. 구매 전 부정 리뷰를 먼저 확인하세요.,,"보습, 미백, 주름, 각질, 홍조",10,platform=oliveyoung 확인 (20개 가용)
platform_oliveyoung,oliveyoung::A000000250102,oliveyoung,A000000250102,라로슈포제 에빠끌라 딥 클렌징 포밍 크림 125ml 2입 기획 (+50ml),라로슈포제,cleansing,지성,234,42,29,5,8,0.6905,0.119,0.1905,비교적 신뢰 가능,moderate_negative_signal,선택 피부 타입 리뷰에서 일부 부정 반응이 확인됩니다.,,"보습, 미백, 주름, 각질, 홍조",7,platform=oliveyoung 확인 (20개 가용)
platform_oliveyoung,oliveyoung::A000000195970,oliveyoung,A000000195970,[청량보습] 라운드랩 포 맨 자작나무 토너/크림 2종 기획 (+쉐이빙폼 40ml),라운드랩,skincare,민감성,280,19,13,6,0,0.6842,0.3158,0.0,참고 가능,normal,선택 피부 타입 리뷰 기준으로 특별히 높은 부정 신호는 확인되지 않습니다.,,"홍조, 보습, 각질, 미백, 주름",3,platform=oliveyoung 확인 (20개 가용)
platform_oliveyoung,oliveyoung::A000000207111,oliveyoung,A000000207111,토리든 다이브인 포맨 저분자 히알루론산 올인원 200g 단품/기획 (+올인원 20g),토리든,skincare,건성,281,22,18,2,2,0.8182,0.0909,0.0909,비교적 신뢰 가능,normal,선택 피부 타입 리뷰 기준으로 특별히 높은 부정 신호는 확인되지 않습니다.,,"보습, 미백, 각질, 탄력, 주름",1,platform=oliveyoung 확인 (20개 가용)
platform_oliveyoung,oliveyoung::A000000242341,oliveyoung,A000000242341,[글로우 부스팅샷] 아이오페 PDRN 카페인 샷 30ml 리필 기획 (+30ml 리필),아이오페,skincare,복합성,245,29,25,4,0,0.8621,0.1379,0.0,비교적 신뢰 가능,normal,선택 피부 타입 리뷰 기준으로 특별히 높은 부정 신호는 확인되지 않습니다.,,"미백, 모공, 주름, 보습, 각질",5,platform=oliveyoung 확인 (20개 가용)
platform_oliveyoung,oliveyoung::A000000145580,oliveyoung,A000000145580,[수분민감/아침세안] 라곰 셀럽 젤 투 워터 클렌저 170ml,라곰,cleansing,건성,259,15,14,0,1,0.9333,0.0,0.0667,참고 가능,normal,선택 피부 타입 리뷰 기준으로 특별히 높은 부정 신호는 확인되지 않습니다.,,"미백, 각질, 보습, 주름, 탄력",1,platform=oliveyoung 확인 (20개 가용)
platform_oliveyoung,oliveyoung::A000000248826,oliveyoung,A000000248826,[5/15 하루특가/여배우광채크림] 메디큐브 PDRN 핑크 콜라겐 캡슐크림 55g 기획 (+4.5g*2ea),메디큐브,skincare,지성,266,42,36,6,0,0.8571,0.1429,0.0,비교적 신뢰 가능,normal,선택 피부 타입 리뷰 기준으로 특별히 높은 부정 신호는 확인되지 않습니다.,,"미백, 모공, 주름, 각질, 보습",7,platform=oliveyoung 확인 (20개 가용)
platform_oliveyoung,oliveyoung::A000000253724,oliveyoung,A000000253724,[5월 올영픽][2입 기획] 제로이드 데일리 선크림 기획 (50ml+50ml),제로이드,suncare,복합성,196,9,8,0,1,0.8889,0.0,0.1111,참고 가능,normal,선택 피부 타입 리뷰 기준으로 특별히 높은 부정 신호는 확인되지 않습니다.,,"미백, 보습, 홍조, 트러블, 각질",2,platform=oliveyoung 확인 (20개 가용)
platform_oliveyoung,oliveyoung::A000000243677,oliveyoung,A000000243677,[재구매율1위/비타민앰플] 피지오겔 사이언수티컬즈 데일리뮨 앰플 20ml+20ml 더블기획,피지오겔,skincare,민감성,302,24,20,2,2,0.8333,0.0833,0.0833,비교적 신뢰 가능,normal,선택 피부 타입 리뷰 기준으로 특별히 높은 부정 신호는 확인되지 않습니다.,,"보습, 미백, 각질, 홍조, 모공",3,platform=oliveyoung 확인 (20개 가용)
platform_oliveyoung,oliveyoung::A000000200805,oliveyoung,A000000200805,[NEW/화잘먹 3종] 마몽드 리퀴드 마스크 80ml_로즈/피어니(지성)/데이지(미백),마몽드,maskpack,건성,315,44,34,5,5,0.7727,0.1136,0.1136,비교적 신뢰 가능,normal,선택 피부 타입 리뷰 기준으로 특별히 높은 부정 신호는 확인되지 않습니다.,,"미백, 보습, 주름, 트러블, 모공",3,platform=oliveyoung 확인 (20개 가용)
platform_oliveyoung,oliveyoung::A000000102238,oliveyoung,A000000102238,라로슈포제 미셀라 클렌징워터 센시티브 400ml,라로슈포제,cleansing,민감성,114,5,5,0,0,1.0,0.0,0.0,참고 가능,normal,선택 피부 타입 리뷰 기준으로 특별히 높은 부정 신호는 확인되지 않습니다.,,"미백, 모공, 홍조, 트러블",1,platform=oliveyoung 확인 (20개 가용)
platform_oliveyoung,oliveyoung::A000000189171,oliveyoung,A000000189171,[림온PICK/모공컨트롤샷]폴라초이스 10% 나이아신아마이드 부스터 앰플 20ml 기획(+디럭스 2종),폴라초이스,skincare,민감성,247,12,10,0,2,0.8333,0.0,0.1667,참고 가능,moderate_negative_signal,선택 피부 타입 리뷰에서 일부 부정 반응이 확인됩니다.,,"모공, 보습, 주름, 미백, 트러블",0,platform=oliveyoung 확인 (20개 가용)
platform_oliveyoung,oliveyoung::A000000230208,oliveyoung,A000000230208,[1+1/깐달걀피부결] 이니스프리 레티놀 시카 흔적 앰플 30ml 더블 기획,이니스프리,skincare,복합성,126,11,8,1,2,0.7273,0.0909,0.1818,참고 가능,moderate_negative_signal,선택 피부 타입 리뷰에서 일부 부정 반응이 확인됩니다.,,"미백, 보습, 모공, 주름, 각질",0,platform=oliveyoung 확인 (20개 가용)
platform_oliveyoung,oliveyoung::A000000203118,oliveyoung,A000000203118,프리메라 리페어링 세라캡슐 UV프로텍터 톤업 프라이밍 40ml 더블기획/단품,프리메라,suncare,민감성,117,5,5,0,0,1.0,0.0,0.0,참고 가능,normal,선택 피부 타입 리뷰 기준으로 특별히 높은 부정 신호는 확인되지 않습니다.,,"주름, 보습, 미백, 트러블, 각질",2,platform=oliveyoung 확인 (20개 가용)
platform_coupang_absence_check,,,,,,,,,,,,,,,,,,,,,,coupang product_skin_aggregates row 수: 0 (정상 (0건))
skin_need_tag_samples,musinsa::2637406,musinsa,2637406,어반쉐이드 쿨카밍 선스틱 SPF50+ PA++++ 20g,dewytree,beauty,복합성,1398,517,468,40,9,0.9052,0.0774,0.0174,비교적 신뢰 가능,normal,선택 피부 타입 리뷰 기준으로 특별히 높은 부정 신호는 확인되지 않습니다.,"진정, 보습, 모공, 유수분 조절, 트러블",,0,"top_skin_need_tags: 진정, 보습, 모공, 유수분 조절, 트러블"
skin_need_tag_samples,musinsa::3098201,musinsa,3098201,[사은품 증정] (대용량) 레티놀 시카 흔적 앰플 50mL + 10mL 2개,innisfree,beauty,복합성,2631,886,799,64,23,0.9018,0.0722,0.026,비교적 신뢰 가능,normal,선택 피부 타입 리뷰 기준으로 특별히 높은 부정 신호는 확인되지 않습니다.,"진정, 보습, 모공, 트러블, 유수분 조절",,0,"top_skin_need_tags: 진정, 보습, 모공, 트러블, 유수분 조절"
skin_need_tag_samples,musinsa::2570504,musinsa,2570504,DMT 페이셜 수분 크림 150ml+추가증정,physiogel,beauty,복합성,1216,495,455,31,9,0.9192,0.0626,0.0182,비교적 신뢰 가능,normal,선택 피부 타입 리뷰 기준으로 특별히 높은 부정 신호는 확인되지 않습니다.,"진정, 보습, 모공, 유수분 조절, 트러블",,0,"top_skin_need_tags: 진정, 보습, 모공, 유수분 조절, 트러블"
skin_need_tag_samples,musinsa::3505072,musinsa,3505072,[SET] 다이브인 저분자 히알루론산 토너 300ml  x  2개 (+다이브인 크림 20ml),torriden,beauty,지성,1461,273,261,11,1,0.956,0.0403,0.0037,비교적 신뢰 가능,normal,선택 피부 타입 리뷰 기준으로 특별히 높은 부정 신호는 확인되지 않습니다.,"진정, 보습, 트러블, 모공, 유수분 조절",,0,"top_skin_need_tags: 진정, 보습, 트러블, 모공, 유수분 조절"
skin_need_tag_samples,musinsa::4240698,musinsa,4240698,퍼퓸 버블 대용량 핸드워시 515ml 5종 선물세트,hetrasbeauty,beauty,복합성,173,98,91,3,4,0.9286,0.0306,0.0408,비교적 신뢰 가능,normal,선택 피부 타입 리뷰 기준으로 특별히 높은 부정 신호는 확인되지 않습니다.,"진정, 보습, 모공, 트러블, 유수분 조절",,0,"top_skin_need_tags: 진정, 보습, 모공, 트러블, 유수분 조절"
skin_need_tag_samples,musinsa::6213430,musinsa,6213430,언리시아 선셋 대즐 글로스 밤,unleashia,beauty,건성,20,7,7,0,0,1.0,0.0,0.0,참고 가능,normal,선택 피부 타입 리뷰 기준으로 특별히 높은 부정 신호는 확인되지 않습니다.,"진정, 보습, 유수분 조절, 영양공급, 탄력",,0,"top_skin_need_tags: 진정, 보습, 유수분 조절, 영양공급, 탄력"
skin_need_tag_samples,musinsa::1619465,musinsa,1619465,울트라리페어 로션 350ml 2 pack + 트러블 미스트 30ml 증정,illiyoon,beauty,복합성,156,28,26,2,0,0.9286,0.0714,0.0,비교적 신뢰 가능,normal,선택 피부 타입 리뷰 기준으로 특별히 높은 부정 신호는 확인되지 않습니다.,"진정, 보습, 모공, 유수분 조절, 트러블",,0,"top_skin_need_tags: 진정, 보습, 모공, 유수분 조절, 트러블"
skin_need_tag_samples,musinsa::3775064,musinsa,3775064,비건 핸드크림 3개 골라담기,kamill,beauty,복합성,788,331,314,15,2,0.9486,0.0453,0.006,비교적 신뢰 가능,normal,선택 피부 타입 리뷰 기준으로 특별히 높은 부정 신호는 확인되지 않습니다.,"진정, 보습, 모공, 유수분 조절, 트러블",,0,"top_skin_need_tags: 진정, 보습, 모공, 유수분 조절, 트러블"
skin_need_tag_samples,musinsa::2172345,musinsa,2172345,아토베리어365 크림 80ml,aestura,beauty,복합성,5697,2410,2252,132,26,0.9344,0.0548,0.0108,비교적 신뢰 가능,normal,선택 피부 타입 리뷰 기준으로 특별히 높은 부정 신호는 확인되지 않습니다.,"진정, 보습, 모공, 유수분 조절, 트러블",,0,"top_skin_need_tags: 진정, 보습, 모공, 유수분 조절, 트러블"
skin_need_tag_samples,musinsa::2959816,musinsa,2959816,[SET] 다이브인 저분자 히알루론산 세럼 50ml+40ml (+시카컨트롤세럼 10ml),torriden,beauty,건성,11221,1642,1549,72,21,0.9434,0.0438,0.0128,비교적 신뢰 가능,normal,선택 피부 타입 리뷰 기준으로 특별히 높은 부정 신호는 확인되지 않습니다.,"진정, 보습, 모공, 탄력, 유수분 조절",,0,"top_skin_need_tags: 진정, 보습, 모공, 탄력, 유수분 조절"
skin_need_tag_samples,musinsa::4701719,musinsa,4701719,레이저 UV 썬스크린 50ml,cellfusionc,beauty,복합성,733,338,312,23,3,0.9231,0.068,0.0089,비교적 신뢰 가능,normal,선택 피부 타입 리뷰 기준으로 특별히 높은 부정 신호는 확인되지 않습니다.,"진정, 보습, 모공, 유수분 조절, 탄력",,0,"top_skin_need_tags: 진정, 보습, 모공, 유수분 조절, 탄력"
skin_need_tag_samples,musinsa::5848372,musinsa,5848372,리얼 히알루로닉 100 토너 500ml,wellage,beauty,복합성,118,63,60,3,0,0.9524,0.0476,0.0,비교적 신뢰 가능,normal,선택 피부 타입 리뷰 기준으로 특별히 높은 부정 신호는 확인되지 않습니다.,"진정, 보습, 모공, 유수분 조절, 트러블",,0,"top_skin_need_tags: 진정, 보습, 모공, 유수분 조절, 트러블"
skin_need_tag_samples,musinsa::4485242,musinsa,4485242,[보이넥스트도어 PICK] 니치퍼퓸 핸드크림 월넛크릭그린,bibiang,beauty,지성,457,85,82,3,0,0.9647,0.0353,0.0,비교적 신뢰 가능,normal,선택 피부 타입 리뷰 기준으로 특별히 높은 부정 신호는 확인되지 않습니다.,"진정, 보습, 트러블, 모공, 유수분 조절",,0,"top_skin_need_tags: 진정, 보습, 트러블, 모공, 유수분 조절"
skin_need_tag_samples,musinsa::4234036,musinsa,4234036,호텔 테라피 퍼퓸 대용량  바디로션 1013ml,hetrasbeauty,beauty,건성,964,244,231,12,1,0.9467,0.0492,0.0041,비교적 신뢰 가능,normal,선택 피부 타입 리뷰 기준으로 특별히 높은 부정 신호는 확인되지 않습니다.,"진정, 보습, 탄력, 영양공급, 모공",,0,"top_skin_need_tags: 진정, 보습, 탄력, 영양공급, 모공"
skin_need_tag_samples,musinsa::6239507,musinsa,6239507,피브 하이퍼 하이드로 세럼 100ml,feev,beauty,지성,2656,863,812,49,2,0.9409,0.0568,0.0023,비교적 신뢰 가능,normal,선택 피부 타입 리뷰 기준으로 특별히 높은 부정 신호는 확인되지 않습니다.,"유수분 조절, 모공, 진정, 보습, 트러블",,0,"top_skin_need_tags: 유수분 조절, 모공, 진정, 보습, 트러블"
skin_need_tag_samples,musinsa::3317081,musinsa,3317081,포어제로 오일 컨트롤 선스틱 2개 세트,obge,beauty,복합성,397,171,149,17,5,0.8713,0.0994,0.0292,비교적 신뢰 가능,normal,선택 피부 타입 리뷰 기준으로 특별히 높은 부정 신호는 확인되지 않습니다.,"진정, 보습, 유수분 조절, 모공, 트러블",,0,"top_skin_need_tags: 진정, 보습, 유수분 조절, 모공, 트러블"
skin_need_tag_samples,musinsa::2417998,musinsa,2417998,리얼 히알루로닉 블루 100 앰플 100ml,wellage,beauty,복합성,2856,1058,983,67,8,0.9291,0.0633,0.0076,비교적 신뢰 가능,normal,선택 피부 타입 리뷰 기준으로 특별히 높은 부정 신호는 확인되지 않습니다.,"진정, 보습, 모공, 유수분 조절, 트러블",,0,"top_skin_need_tags: 진정, 보습, 모공, 유수분 조절, 트러블"
skin_need_tag_samples,musinsa::3685238,musinsa,3685238,데일리 모이스처 푸딩 크림 50ml,ilso,beauty,복합성,196,109,98,10,1,0.8991,0.0917,0.0092,비교적 신뢰 가능,normal,선택 피부 타입 리뷰 기준으로 특별히 높은 부정 신호는 확인되지 않습니다.,"진정, 보습, 유수분 조절, 모공, 트러블",,0,"top_skin_need_tags: 진정, 보습, 유수분 조절, 모공, 트러블"
skin_need_tag_samples,musinsa::2585005,musinsa,2585005,[SET] 다이브인 저분자 히알루론산 크림 80ml+수딩크림 80ml (+수딩크림 20ml),torriden,beauty,복합성,481,119,111,7,1,0.9328,0.0588,0.0084,비교적 신뢰 가능,normal,선택 피부 타입 리뷰 기준으로 특별히 높은 부정 신호는 확인되지 않습니다.,"진정, 보습, 유수분 조절, 모공, 트러블",,0,"top_skin_need_tags: 진정, 보습, 유수분 조절, 모공, 트러블"
skin_need_tag_samples,musinsa::2996090,musinsa,2996090,밸런스풀 시카 진정 크림 80ml,torriden,beauty,복합성,1158,349,326,19,4,0.9341,0.0544,0.0115,비교적 신뢰 가능,normal,선택 피부 타입 리뷰 기준으로 특별히 높은 부정 신호는 확인되지 않습니다.,"진정, 보습, 트러블, 모공, 유수분 조절",,0,"top_skin_need_tags: 진정, 보습, 트러블, 모공, 유수분 조절"
skin_concern_tag_samples,oliveyoung::A000000205435,oliveyoung,A000000205435,[빙하수쿨링패드/더블기획] 셀퓨전씨 포스트 알파 쿨링 패드 70매 더블기획(쿨링/시카쿨링),셀퓨전씨,maskpack,복합성,308,43,36,6,1,0.8372,0.1395,0.0233,비교적 신뢰 가능,normal,선택 피부 타입 리뷰 기준으로 특별히 높은 부정 신호는 확인되지 않습니다.,,"주름, 미백, 홍조, 트러블, 보습",7,"top_skin_concern_tags: 주름, 미백, 홍조, 트러블, 보습"
skin_concern_tag_samples,oliveyoung::A000000190369,oliveyoung,A000000190369,[판매량 1억개 돌파/대용량] AHC 텐 레볼루션 리얼 아이크림 포 페이스 더블 기획,AHC,skincare,민감성,313,19,19,0,0,1.0,0.0,0.0,참고 가능,normal,선택 피부 타입 리뷰 기준으로 특별히 높은 부정 신호는 확인되지 않습니다.,,"보습, 트러블, 주름, 미백, 각질",4,"top_skin_concern_tags: 보습, 트러블, 주름, 미백, 각질"
skin_concern_tag_samples,oliveyoung::A000000185112,oliveyoung,A000000185112,브링그린 프레시 마스크 1매/10매 (히알루 수분/티트리 진정/글루타치온 톤업/알로에 수딩),브링그린,maskpack,건성,300,55,52,0,3,0.9455,0.0,0.0545,비교적 신뢰 가능,normal,선택 피부 타입 리뷰 기준으로 특별히 높은 부정 신호는 확인되지 않습니다.,,"미백, 트러블, 주름, 모공, 보습",3,"top_skin_concern_tags: 미백, 트러블, 주름, 모공, 보습"
skin_concern_tag_samples,oliveyoung::A000000232724,oliveyoung,A000000232724,[NO.1 미스트세럼] 달바 퍼스트 스프레이 세럼 100ml 2개 기획,달바,skincare,지성,294,36,31,1,4,0.8611,0.0278,0.1111,비교적 신뢰 가능,normal,선택 피부 타입 리뷰 기준으로 특별히 높은 부정 신호는 확인되지 않습니다.,,"미백, 모공, 주름, 홍조, 보습",5,"top_skin_concern_tags: 미백, 모공, 주름, 홍조, 보습"
skin_concern_tag_samples,oliveyoung::A000000205004,oliveyoung,A000000205004,[피지케어/화잘먹팩] 토르홉 무스타 콩테 체인저블 퀵 마스크 60g/90g,토르홉,maskpack,건성,252,19,17,1,1,0.8947,0.0526,0.0526,참고 가능,normal,선택 피부 타입 리뷰 기준으로 특별히 높은 부정 신호는 확인되지 않습니다.,,"보습, 미백, 주름, 모공, 트러블",4,"top_skin_concern_tags: 보습, 미백, 주름, 모공, 트러블"
skin_concern_tag_samples,oliveyoung::A000000254406,oliveyoung,A000000254406,NEW[파데프리/톤업선/톤업선크림] 체이싱래빗 올어바웃 글로우 톤업 선 70ml,체이싱래빗,suncare,지성,127,31,31,0,0,1.0,0.0,0.0,비교적 신뢰 가능,normal,선택 피부 타입 리뷰 기준으로 특별히 높은 부정 신호는 확인되지 않습니다.,,"주름, 미백, 각질, 보습, 모공",7,"top_skin_concern_tags: 주름, 미백, 각질, 보습, 모공"
skin_concern_tag_samples,oliveyoung::A000000252917,oliveyoung,A000000252917,[온라인단독] 라로슈포제 시카플라스트 밤 B5+& 멀티리페어 크림 B5 100ml 기획 (+시카에센스 7.5ml*2),라로슈포제,skincare,지성,227,37,22,2,13,0.5946,0.0541,0.3514,비교적 신뢰 가능,high_negative_signal,선택 피부 타입 리뷰에서 부정 반응 비율이 상대적으로 높습니다. 구매 전 부정 리뷰를 먼저 확인하세요.,,"보습, 미백, 주름, 각질, 홍조",10,"top_skin_concern_tags: 보습, 미백, 주름, 각질, 홍조"
skin_concern_tag_samples,oliveyoung::A000000250102,oliveyoung,A000000250102,라로슈포제 에빠끌라 딥 클렌징 포밍 크림 125ml 2입 기획 (+50ml),라로슈포제,cleansing,지성,234,42,29,5,8,0.6905,0.119,0.1905,비교적 신뢰 가능,moderate_negative_signal,선택 피부 타입 리뷰에서 일부 부정 반응이 확인됩니다.,,"보습, 미백, 주름, 각질, 홍조",7,"top_skin_concern_tags: 보습, 미백, 주름, 각질, 홍조"
skin_concern_tag_samples,oliveyoung::A000000195970,oliveyoung,A000000195970,[청량보습] 라운드랩 포 맨 자작나무 토너/크림 2종 기획 (+쉐이빙폼 40ml),라운드랩,skincare,민감성,280,19,13,6,0,0.6842,0.3158,0.0,참고 가능,normal,선택 피부 타입 리뷰 기준으로 특별히 높은 부정 신호는 확인되지 않습니다.,,"홍조, 보습, 각질, 미백, 주름",3,"top_skin_concern_tags: 홍조, 보습, 각질, 미백, 주름"
skin_concern_tag_samples,oliveyoung::A000000207111,oliveyoung,A000000207111,토리든 다이브인 포맨 저분자 히알루론산 올인원 200g 단품/기획 (+올인원 20g),토리든,skincare,건성,281,22,18,2,2,0.8182,0.0909,0.0909,비교적 신뢰 가능,normal,선택 피부 타입 리뷰 기준으로 특별히 높은 부정 신호는 확인되지 않습니다.,,"보습, 미백, 각질, 탄력, 주름",1,"top_skin_concern_tags: 보습, 미백, 각질, 탄력, 주름"
skin_concern_tag_samples,oliveyoung::A000000242341,oliveyoung,A000000242341,[글로우 부스팅샷] 아이오페 PDRN 카페인 샷 30ml 리필 기획 (+30ml 리필),아이오페,skincare,복합성,245,29,25,4,0,0.8621,0.1379,0.0,비교적 신뢰 가능,normal,선택 피부 타입 리뷰 기준으로 특별히 높은 부정 신호는 확인되지 않습니다.,,"미백, 모공, 주름, 보습, 각질",5,"top_skin_concern_tags: 미백, 모공, 주름, 보습, 각질"
skin_concern_tag_samples,oliveyoung::A000000145580,oliveyoung,A000000145580,[수분민감/아침세안] 라곰 셀럽 젤 투 워터 클렌저 170ml,라곰,cleansing,건성,259,15,14,0,1,0.9333,0.0,0.0667,참고 가능,normal,선택 피부 타입 리뷰 기준으로 특별히 높은 부정 신호는 확인되지 않습니다.,,"미백, 각질, 보습, 주름, 탄력",1,"top_skin_concern_tags: 미백, 각질, 보습, 주름, 탄력"
skin_concern_tag_samples,oliveyoung::A000000248826,oliveyoung,A000000248826,[5/15 하루특가/여배우광채크림] 메디큐브 PDRN 핑크 콜라겐 캡슐크림 55g 기획 (+4.5g*2ea),메디큐브,skincare,지성,266,42,36,6,0,0.8571,0.1429,0.0,비교적 신뢰 가능,normal,선택 피부 타입 리뷰 기준으로 특별히 높은 부정 신호는 확인되지 않습니다.,,"미백, 모공, 주름, 각질, 보습",7,"top_skin_concern_tags: 미백, 모공, 주름, 각질, 보습"
skin_concern_tag_samples,oliveyoung::A000000253724,oliveyoung,A000000253724,[5월 올영픽][2입 기획] 제로이드 데일리 선크림 기획 (50ml+50ml),제로이드,suncare,복합성,196,9,8,0,1,0.8889,0.0,0.1111,참고 가능,normal,선택 피부 타입 리뷰 기준으로 특별히 높은 부정 신호는 확인되지 않습니다.,,"미백, 보습, 홍조, 트러블, 각질",2,"top_skin_concern_tags: 미백, 보습, 홍조, 트러블, 각질"
skin_concern_tag_samples,oliveyoung::A000000243677,oliveyoung,A000000243677,[재구매율1위/비타민앰플] 피지오겔 사이언수티컬즈 데일리뮨 앰플 20ml+20ml 더블기획,피지오겔,skincare,민감성,302,24,20,2,2,0.8333,0.0833,0.0833,비교적 신뢰 가능,normal,선택 피부 타입 리뷰 기준으로 특별히 높은 부정 신호는 확인되지 않습니다.,,"보습, 미백, 각질, 홍조, 모공",3,"top_skin_concern_tags: 보습, 미백, 각질, 홍조, 모공"
skin_concern_tag_samples,oliveyoung::A000000200805,oliveyoung,A000000200805,[NEW/화잘먹 3종] 마몽드 리퀴드 마스크 80ml_로즈/피어니(지성)/데이지(미백),마몽드,maskpack,건성,315,44,34,5,5,0.7727,0.1136,0.1136,비교적 신뢰 가능,normal,선택 피부 타입 리뷰 기준으로 특별히 높은 부정 신호는 확인되지 않습니다.,,"미백, 보습, 주름, 트러블, 모공",3,"top_skin_concern_tags: 미백, 보습, 주름, 트러블, 모공"
skin_concern_tag_samples,oliveyoung::A000000102238,oliveyoung,A000000102238,라로슈포제 미셀라 클렌징워터 센시티브 400ml,라로슈포제,cleansing,민감성,114,5,5,0,0,1.0,0.0,0.0,참고 가능,normal,선택 피부 타입 리뷰 기준으로 특별히 높은 부정 신호는 확인되지 않습니다.,,"미백, 모공, 홍조, 트러블",1,"top_skin_concern_tags: 미백, 모공, 홍조, 트러블"
skin_concern_tag_samples,oliveyoung::A000000189171,oliveyoung,A000000189171,[림온PICK/모공컨트롤샷]폴라초이스 10% 나이아신아마이드 부스터 앰플 20ml 기획(+디럭스 2종),폴라초이스,skincare,민감성,247,12,10,0,2,0.8333,0.0,0.1667,참고 가능,moderate_negative_signal,선택 피부 타입 리뷰에서 일부 부정 반응이 확인됩니다.,,"모공, 보습, 주름, 미백, 트러블",0,"top_skin_concern_tags: 모공, 보습, 주름, 미백, 트러블"
skin_concern_tag_samples,oliveyoung::A000000230208,oliveyoung,A000000230208,[1+1/깐달걀피부결] 이니스프리 레티놀 시카 흔적 앰플 30ml 더블 기획,이니스프리,skincare,복합성,126,11,8,1,2,0.7273,0.0909,0.1818,참고 가능,moderate_negative_signal,선택 피부 타입 리뷰에서 일부 부정 반응이 확인됩니다.,,"미백, 보습, 모공, 주름, 각질",0,"top_skin_concern_tags: 미백, 보습, 모공, 주름, 각질"
skin_concern_tag_samples,oliveyoung::A000000203118,oliveyoung,A000000203118,프리메라 리페어링 세라캡슐 UV프로텍터 톤업 프라이밍 40ml 더블기획/단품,프리메라,suncare,민감성,117,5,5,0,0,1.0,0.0,0.0,참고 가능,normal,선택 피부 타입 리뷰 기준으로 특별히 높은 부정 신호는 확인되지 않습니다.,,"주름, 보습, 미백, 트러블, 각질",2,"top_skin_concern_tags: 주름, 보습, 미백, 트러블, 각질"
